2026-02-23 11:48:40.213 +05:30 [DBG] An 'IServiceProvider' was created for internal use by Entity Framework.
2026-02-23 11:48:41.321 +05:30 [DBG] The index {'UserId'} was not created on entity type 'IdentityUserRole<Guid>' as the properties are already covered by the index {'UserId', 'RoleId'}.
2026-02-23 11:48:41.330 +05:30 [DBG] The index {'UserId'} was not created on entity type 'IdentityUserToken<Guid>' as the properties are already covered by the index {'UserId', 'LoginProvider', 'Name'}.
2026-02-23 11:48:41.823 +05:30 [DBG] Entity Framework Core 10.0.3 initialized 'ApplicationDbContext' using provider 'Microsoft.EntityFrameworkCore.SqlServer:10.0.3' with options: EngineType=SqlServer 
2026-02-23 11:48:42.124 +05:30 [DBG] Creating DbConnection.
2026-02-23 11:48:42.174 +05:30 [DBG] Created DbConnection. (46ms).
2026-02-23 11:48:42.185 +05:30 [DBG] Migrating using database 'TorqueDB' on server 'KIL-HP-H036'.
2026-02-23 11:48:42.206 +05:30 [DBG] Opening connection to database 'TorqueDB' on server 'KIL-HP-H036'.
2026-02-23 11:48:42.666 +05:30 [DBG] Opened connection to database 'TorqueDB' on server 'KIL-HP-H036'.
2026-02-23 11:48:42.692 +05:30 [DBG] Creating DbCommand for 'ExecuteNonQuery'.
2026-02-23 11:48:42.709 +05:30 [DBG] Created DbCommand for 'ExecuteNonQuery' (14ms).
2026-02-23 11:48:42.715 +05:30 [DBG] Initialized DbCommand for 'ExecuteNonQuery' (26ms).
2026-02-23 11:48:42.733 +05:30 [DBG] Executing DbCommand [Parameters=[], CommandType='"Text"', CommandTimeout='30']
SELECT 1
2026-02-23 11:48:42.805 +05:30 [INF] Executed DbCommand (78ms) [Parameters=[], CommandType='"Text"', CommandTimeout='30']
SELECT 1
2026-02-23 11:48:42.818 +05:30 [DBG] Closing connection to database 'TorqueDB' on server 'KIL-HP-H036'.
2026-02-23 11:48:42.837 +05:30 [DBG] Closed connection to database 'TorqueDB' on server 'KIL-HP-H036' (12ms).
2026-02-23 11:48:42.842 +05:30 [DBG] Opening connection to database 'TorqueDB' on server 'KIL-HP-H036'.
2026-02-23 11:48:42.848 +05:30 [DBG] Opened connection to database 'TorqueDB' on server 'KIL-HP-H036'.
2026-02-23 11:48:42.855 +05:30 [INF] Acquiring an exclusive lock for migration application. See https://aka.ms/efcore-docs-migrations-lock for more information if this takes too long.
2026-02-23 11:48:42.866 +05:30 [DBG] Creating DbCommand for 'ExecuteScalar'.
2026-02-23 11:48:42.869 +05:30 [DBG] Created DbCommand for 'ExecuteScalar' (2ms).
2026-02-23 11:48:42.872 +05:30 [DBG] Initialized DbCommand for 'ExecuteScalar' (5ms).
2026-02-23 11:48:42.878 +05:30 [DBG] Executing DbCommand [Parameters=[], CommandType='"Text"', CommandTimeout='30']
DECLARE @result int;
EXEC @result = sp_getapplock @Resource = '__EFMigrationsLock', @LockOwner = 'Session', @LockMode = 'Exclusive';
SELECT @result
2026-02-23 11:48:42.966 +05:30 [INF] Executed DbCommand (89ms) [Parameters=[], CommandType='"Text"', CommandTimeout='30']
DECLARE @result int;
EXEC @result = sp_getapplock @Resource = '__EFMigrationsLock', @LockOwner = 'Session', @LockMode = 'Exclusive';
SELECT @result
2026-02-23 11:48:43.131 +05:30 [DBG] Beginning transaction with isolation level 'Unspecified'.
2026-02-23 11:48:43.146 +05:30 [DBG] Began transaction with isolation level 'ReadCommitted'.
2026-02-23 11:48:43.150 +05:30 [DBG] Creating DbCommand for 'ExecuteNonQuery'.
2026-02-23 11:48:43.153 +05:30 [DBG] Created DbCommand for 'ExecuteNonQuery' (2ms).
2026-02-23 11:48:43.157 +05:30 [DBG] Initialized DbCommand for 'ExecuteNonQuery' (6ms).
2026-02-23 11:48:43.160 +05:30 [DBG] Executing DbCommand [Parameters=[], CommandType='"Text"', CommandTimeout='30']
IF OBJECT_ID(N'[__EFMigrationsHistory]') IS NULL
BEGIN
    CREATE TABLE [__EFMigrationsHistory] (
        [MigrationId] nvarchar(150) NOT NULL,
        [ProductVersion] nvarchar(32) NOT NULL,
        CONSTRAINT [PK___EFMigrationsHistory] PRIMARY KEY ([MigrationId])
    );
END;
2026-02-23 11:48:43.190 +05:30 [INF] Executed DbCommand (29ms) [Parameters=[], CommandType='"Text"', CommandTimeout='30']
IF OBJECT_ID(N'[__EFMigrationsHistory]') IS NULL
BEGIN
    CREATE TABLE [__EFMigrationsHistory] (
        [MigrationId] nvarchar(150) NOT NULL,
        [ProductVersion] nvarchar(32) NOT NULL,
        CONSTRAINT [PK___EFMigrationsHistory] PRIMARY KEY ([MigrationId])
    );
END;
2026-02-23 11:48:43.199 +05:30 [DBG] Committing transaction.
2026-02-23 11:48:43.208 +05:30 [DBG] Committed transaction.
2026-02-23 11:48:43.216 +05:30 [DBG] Disposing transaction.
2026-02-23 11:48:43.233 +05:30 [DBG] Beginning transaction with isolation level 'Unspecified'.
2026-02-23 11:48:43.235 +05:30 [DBG] Began transaction with isolation level 'ReadCommitted'.
2026-02-23 11:48:43.243 +05:30 [DBG] Creating DbCommand for 'ExecuteNonQuery'.
2026-02-23 11:48:43.245 +05:30 [DBG] Created DbCommand for 'ExecuteNonQuery' (2ms).
2026-02-23 11:48:43.250 +05:30 [DBG] Initialized DbCommand for 'ExecuteNonQuery' (7ms).
2026-02-23 11:48:43.253 +05:30 [DBG] Executing DbCommand [Parameters=[], CommandType='"Text"', CommandTimeout='30']
SELECT 1
2026-02-23 11:48:43.257 +05:30 [INF] Executed DbCommand (4ms) [Parameters=[], CommandType='"Text"', CommandTimeout='30']
SELECT 1
2026-02-23 11:48:43.263 +05:30 [DBG] Creating DbCommand for 'ExecuteScalar'.
2026-02-23 11:48:43.265 +05:30 [DBG] Created DbCommand for 'ExecuteScalar' (2ms).
2026-02-23 11:48:43.267 +05:30 [DBG] Initialized DbCommand for 'ExecuteScalar' (4ms).
2026-02-23 11:48:43.270 +05:30 [DBG] Executing DbCommand [Parameters=[], CommandType='"Text"', CommandTimeout='30']
SELECT OBJECT_ID(N'[__EFMigrationsHistory]');
2026-02-23 11:48:43.276 +05:30 [INF] Executed DbCommand (6ms) [Parameters=[], CommandType='"Text"', CommandTimeout='30']
SELECT OBJECT_ID(N'[__EFMigrationsHistory]');
2026-02-23 11:48:43.286 +05:30 [DBG] Creating DbCommand for 'ExecuteReader'.
2026-02-23 11:48:43.288 +05:30 [DBG] Created DbCommand for 'ExecuteReader' (2ms).
2026-02-23 11:48:43.291 +05:30 [DBG] Initialized DbCommand for 'ExecuteReader' (4ms).
2026-02-23 11:48:43.293 +05:30 [DBG] Executing DbCommand [Parameters=[], CommandType='"Text"', CommandTimeout='30']
SELECT [MigrationId], [ProductVersion]
FROM [__EFMigrationsHistory]
ORDER BY [MigrationId];
2026-02-23 11:48:43.330 +05:30 [INF] Executed DbCommand (37ms) [Parameters=[], CommandType='"Text"', CommandTimeout='30']
SELECT [MigrationId], [ProductVersion]
FROM [__EFMigrationsHistory]
ORDER BY [MigrationId];
2026-02-23 11:48:43.350 +05:30 [DBG] Closing data reader to 'TorqueDB' on server 'KIL-HP-H036'.
2026-02-23 11:48:43.356 +05:30 [DBG] A data reader for 'TorqueDB' on server 'KIL-HP-H036' is being disposed after spending 19ms reading results.
2026-02-23 11:48:43.369 +05:30 [INF] No migrations were applied. The database is already up to date.
2026-02-23 11:48:43.372 +05:30 [DBG] Committing transaction.
2026-02-23 11:48:43.374 +05:30 [DBG] Committed transaction.
2026-02-23 11:48:43.377 +05:30 [DBG] Creating DbCommand for 'ExecuteScalar'.
2026-02-23 11:48:43.381 +05:30 [DBG] Created DbCommand for 'ExecuteScalar' (3ms).
2026-02-23 11:48:43.384 +05:30 [DBG] Initialized DbCommand for 'ExecuteScalar' (6ms).
2026-02-23 11:48:43.387 +05:30 [DBG] Executing DbCommand [Parameters=[], CommandType='"Text"', CommandTimeout='30']
DECLARE @result int;
EXEC @result = sp_releaseapplock @Resource = '__EFMigrationsLock', @LockOwner = 'Session';
SELECT @result
2026-02-23 11:48:43.402 +05:30 [INF] Executed DbCommand (14ms) [Parameters=[], CommandType='"Text"', CommandTimeout='30']
DECLARE @result int;
EXEC @result = sp_releaseapplock @Resource = '__EFMigrationsLock', @LockOwner = 'Session';
SELECT @result
2026-02-23 11:48:43.406 +05:30 [DBG] Disposing transaction.
2026-02-23 11:48:43.409 +05:30 [DBG] Closing connection to database 'TorqueDB' on server 'KIL-HP-H036'.
2026-02-23 11:48:43.413 +05:30 [DBG] Closed connection to database 'TorqueDB' on server 'KIL-HP-H036' (4ms).
2026-02-23 11:48:43.419 +05:30 [DBG] 'ApplicationDbContext' disposed.
2026-02-23 11:48:43.423 +05:30 [DBG] Disposing connection to database 'TorqueDB' on server 'KIL-HP-H036'.
2026-02-23 11:48:43.427 +05:30 [DBG] Disposed connection to database '' on server '' (3ms).
2026-02-23 11:48:43.508 +05:30 [DBG] Registered model binder providers, in the following order: ["Microsoft.AspNetCore.Mvc.ModelBinding.Binders.BinderTypeModelBinderProvider","Microsoft.AspNetCore.Mvc.ModelBinding.Binders.ServicesModelBinderProvider","Microsoft.AspNetCore.Mvc.ModelBinding.Binders.BodyModelBinderProvider","Microsoft.AspNetCore.Mvc.ModelBinding.Binders.HeaderModelBinderProvider","Microsoft.AspNetCore.Mvc.ModelBinding.Binders.FloatingPointTypeModelBinderProvider","Microsoft.AspNetCore.Mvc.ModelBinding.Binders.EnumTypeModelBinderProvider","Microsoft.AspNetCore.Mvc.ModelBinding.Binders.DateTimeModelBinderProvider","Microsoft.AspNetCore.Mvc.ModelBinding.Binders.SimpleTypeModelBinderProvider","Microsoft.AspNetCore.Mvc.ModelBinding.Binders.TryParseModelBinderProvider","Microsoft.AspNetCore.Mvc.ModelBinding.Binders.CancellationTokenModelBinderProvider","Microsoft.AspNetCore.Mvc.ModelBinding.Binders.ByteArrayModelBinderProvider","Microsoft.AspNetCore.Mvc.ModelBinding.Binders.FormFileModelBinderProvider","Microsoft.AspNetCore.Mvc.ModelBinding.Binders.FormCollectionModelBinderProvider","Microsoft.AspNetCore.Mvc.ModelBinding.Binders.KeyValuePairModelBinderProvider","Microsoft.AspNetCore.Mvc.ModelBinding.Binders.DictionaryModelBinderProvider","Microsoft.AspNetCore.Mvc.ModelBinding.Binders.ArrayModelBinderProvider","Microsoft.AspNetCore.Mvc.ModelBinding.Binders.CollectionModelBinderProvider","Microsoft.AspNetCore.Mvc.ModelBinding.Binders.ComplexObjectModelBinderProvider"]
2026-02-23 11:48:43.630 +05:30 [DBG] Hosting starting
2026-02-23 11:48:43.661 +05:30 [INF] User profile is available. Using 'C:\Users\kinic\AppData\Local\ASP.NET\DataProtection-Keys' as key repository and Windows DPAPI to encrypt keys at rest.
2026-02-23 11:48:43.808 +05:30 [DBG] Reading data from file 'C:\Users\kinic\AppData\Local\ASP.NET\DataProtection-Keys\key-35e0b286-afe3-4aa8-8614-88eaf7af917e.xml'.
2026-02-23 11:48:43.819 +05:30 [DBG] Reading data from file 'C:\Users\kinic\AppData\Local\ASP.NET\DataProtection-Keys\key-38e7b8ab-774e-4635-9730-07745de3d281.xml'.
2026-02-23 11:48:43.822 +05:30 [DBG] Reading data from file 'C:\Users\kinic\AppData\Local\ASP.NET\DataProtection-Keys\key-46f69378-ca55-475f-aaf6-1726538af730.xml'.
2026-02-23 11:48:43.824 +05:30 [DBG] Reading data from file 'C:\Users\kinic\AppData\Local\ASP.NET\DataProtection-Keys\key-87e1a3ff-a150-428b-846c-dc318ee624ae.xml'.
2026-02-23 11:48:43.832 +05:30 [DBG] Found key {35e0b286-afe3-4aa8-8614-88eaf7af917e}.
2026-02-23 11:48:43.841 +05:30 [DBG] Found key {38e7b8ab-774e-4635-9730-07745de3d281}.
2026-02-23 11:48:43.844 +05:30 [DBG] Found key {46f69378-ca55-475f-aaf6-1726538af730}.
2026-02-23 11:48:43.846 +05:30 [DBG] Found key {87e1a3ff-a150-428b-846c-dc318ee624ae}.
2026-02-23 11:48:43.862 +05:30 [DBG] Considering key {38e7b8ab-774e-4635-9730-07745de3d281} with expiration date 2026-04-27 09:21:44Z as default key.
2026-02-23 11:48:43.873 +05:30 [DBG] Forwarded activator type request from Microsoft.AspNetCore.DataProtection.XmlEncryption.DpapiXmlDecryptor, Microsoft.AspNetCore.DataProtection, Version=8.0.0.0, Culture=neutral, PublicKeyToken=adb9793829ddae60 to Microsoft.AspNetCore.DataProtection.XmlEncryption.DpapiXmlDecryptor, Microsoft.AspNetCore.DataProtection, Culture=neutral, PublicKeyToken=adb9793829ddae60
2026-02-23 11:48:43.890 +05:30 [DBG] Decrypting secret element using Windows DPAPI.
2026-02-23 11:48:43.895 +05:30 [DBG] Forwarded activator type request from Microsoft.AspNetCore.DataProtection.AuthenticatedEncryption.ConfigurationModel.AuthenticatedEncryptorDescriptorDeserializer, Microsoft.AspNetCore.DataProtection, Version=8.0.0.0, Culture=neutral, PublicKeyToken=adb9793829ddae60 to Microsoft.AspNetCore.DataProtection.AuthenticatedEncryption.ConfigurationModel.AuthenticatedEncryptorDescriptorDeserializer, Microsoft.AspNetCore.DataProtection, Culture=neutral, PublicKeyToken=adb9793829ddae60
2026-02-23 11:48:43.902 +05:30 [DBG] Opening CNG algorithm 'AES' from provider 'null' with chaining mode CBC.
2026-02-23 11:48:43.911 +05:30 [DBG] Opening CNG algorithm 'SHA256' from provider 'null' with HMAC.
2026-02-23 11:48:43.928 +05:30 [DBG] Using key {38e7b8ab-774e-4635-9730-07745de3d281} as the default key.
2026-02-23 11:48:43.935 +05:30 [DBG] Key ring with default key {38e7b8ab-774e-4635-9730-07745de3d281} was loaded during application startup.
2026-02-23 11:48:43.953 +05:30 [DBG] Middleware loaded
2026-02-23 11:48:43.964 +05:30 [DBG] Middleware loaded. Script /_framework/aspnetcore-browser-refresh.js (16539 B).
2026-02-23 11:48:43.981 +05:30 [DBG] Middleware loaded. Script /_framework/blazor-hotreload.js (799 B).
2026-02-23 11:48:44.164 +05:30 [DBG] Middleware configuration started with options: {AllowedHosts = *, AllowEmptyHosts = True, IncludeFailureMessage = True}
2026-02-23 11:48:44.171 +05:30 [DBG] Wildcard detected, all requests with hosts will be allowed.
2026-02-23 11:48:44.179 +05:30 [DBG] Middleware loaded: DOTNET_MODIFIABLE_ASSEMBLIES=debug, __ASPNETCORE_BROWSER_TOOLS=true
2026-02-23 11:48:44.329 +05:30 [INF] Now listening on: https://localhost:7258
2026-02-23 11:48:44.331 +05:30 [INF] Now listening on: http://localhost:5140
2026-02-23 11:48:44.333 +05:30 [DBG] Loaded hosting startup assembly PlatformServiceTemplate.Api
2026-02-23 11:48:44.335 +05:30 [DBG] Loaded hosting startup assembly Microsoft.AspNetCore.Watch.BrowserRefresh
2026-02-23 11:48:44.336 +05:30 [DBG] Loaded hosting startup assembly Microsoft.WebTools.ApiEndpointDiscovery
2026-02-23 11:48:44.338 +05:30 [DBG] Loaded hosting startup assembly Microsoft.WebTools.BrowserLink.Net
2026-02-23 11:48:44.351 +05:30 [DBG] Executing API description provider 'EndpointMetadataApiDescriptionProvider' from assembly Microsoft.AspNetCore.Mvc.ApiExplorer v10.0.0.0.
2026-02-23 11:48:44.355 +05:30 [DBG] Executing API description provider 'DefaultApiDescriptionProvider' from assembly Microsoft.AspNetCore.Mvc.ApiExplorer v10.0.0.0.
2026-02-23 11:48:44.758 +05:30 [INF] Application started. Press Ctrl+C to shut down.
2026-02-23 11:48:44.760 +05:30 [INF] Hosting environment: Development
2026-02-23 11:48:44.762 +05:30 [INF] Content root path: D:\Personal Space\Codex Created Project\application\src\PlatformServiceTemplate.Api
2026-02-23 11:48:44.764 +05:30 [DBG] Hosting started
2026-02-23 11:48:56.391 +05:30 [DBG] Connection id "0HNJIKDMCTD1B" accepted.
2026-02-23 11:48:56.397 +05:30 [DBG] Connection id "0HNJIKDMCTD1B" started.
2026-02-23 11:48:56.468 +05:30 [DBG] Connection 0HNJIKDMCTD1B established using the following protocol: "Tls13"
2026-02-23 11:48:56.573 +05:30 [INF] Request starting HTTP/2 GET https://localhost:7258/swagger/index.html - null null
2026-02-23 11:48:56.774 +05:30 [DBG] No candidates found for the request path '/swagger/index.html'
2026-02-23 11:48:56.778 +05:30 [DBG] Request did not match any endpoints
2026-02-23 11:48:56.786 +05:30 [INF] Request started GET /swagger/index.html user=anonymous correlation=f0387a5d99ba4c55bbe33f89eb849dab
2026-02-23 11:48:56.915 +05:30 [DBG] Response markup is scheduled to include Browser Link script injection.
2026-02-23 11:48:56.928 +05:30 [DBG] Response markup is scheduled to include browser refresh script injection.
2026-02-23 11:48:56.948 +05:30 [INF] Request completed GET /swagger/index.html status=200 elapsedMs=163 user=anonymous correlation=f0387a5d99ba4c55bbe33f89eb849dab
2026-02-23 11:48:56.954 +05:30 [DBG] Response markup was updated to include Browser Link script injection.
2026-02-23 11:48:56.959 +05:30 [DBG] Response markup was updated to include browser refresh script injection.
2026-02-23 11:48:56.967 +05:30 [INF] Request finished HTTP/2 GET https://localhost:7258/swagger/index.html - 200 null text/html;charset=utf-8 419.3748ms
2026-02-23 11:48:57.042 +05:30 [INF] Request starting HTTP/2 GET https://localhost:7258/_framework/aspnetcore-browser-refresh.js - null null
2026-02-23 11:48:57.078 +05:30 [DBG] Script injected: /_framework/aspnetcore-browser-refresh.js
2026-02-23 11:48:57.082 +05:30 [INF] Request finished HTTP/2 GET https://localhost:7258/_framework/aspnetcore-browser-refresh.js - 200 16539 application/javascript; charset=utf-8 40.2373ms
2026-02-23 11:48:57.082 +05:30 [INF] Request starting HTTP/2 GET https://localhost:7258/_vs/browserLink - null null
2026-02-23 11:48:57.156 +05:30 [INF] Request finished HTTP/2 GET https://localhost:7258/_vs/browserLink - 200 null text/javascript; charset=UTF-8 73.9381ms
2026-02-23 11:48:57.390 +05:30 [INF] Request starting HTTP/2 GET https://localhost:7258/swagger/v1/swagger.json - null null
2026-02-23 11:48:57.418 +05:30 [DBG] No candidates found for the request path '/swagger/v1/swagger.json'
2026-02-23 11:48:57.421 +05:30 [DBG] Request did not match any endpoints
2026-02-23 11:48:57.423 +05:30 [INF] Request started GET /swagger/v1/swagger.json user=anonymous correlation=cd1c9f1330ae40afa0920b4294b46391
2026-02-23 11:48:57.592 +05:30 [INF] Request completed GET /swagger/v1/swagger.json status=200 elapsedMs=169 user=anonymous correlation=cd1c9f1330ae40afa0920b4294b46391
2026-02-23 11:48:57.600 +05:30 [INF] Request finished HTTP/2 GET https://localhost:7258/swagger/v1/swagger.json - 200 null application/json;charset=utf-8 210.7276ms
2026-02-23 11:49:15.696 +05:30 [INF] Request starting HTTP/2 POST https://localhost:7258/api/v1/auth/register - application/json 61
2026-02-23 11:49:15.706 +05:30 [DBG] 1 candidate(s) found for the request path '/api/v1/auth/register'
2026-02-23 11:49:15.709 +05:30 [DBG] Endpoint 'PlatformServiceTemplate.Api.Controllers.AuthController.Register (PlatformServiceTemplate.Api)' with route pattern 'api/v1/auth/register' is valid for the request path '/api/v1/auth/register'
2026-02-23 11:49:15.715 +05:30 [DBG] Request matched endpoint 'PlatformServiceTemplate.Api.Controllers.AuthController.Register (PlatformServiceTemplate.Api)'
2026-02-23 11:49:15.718 +05:30 [INF] Request started POST /api/v1/auth/register user=anonymous correlation=12b0c1d95e324f2c8800a279f24a4602
2026-02-23 11:49:15.805 +05:30 [DBG] AuthenticationScheme: Bearer was not authenticated.
2026-02-23 11:49:15.810 +05:30 [INF] Executing endpoint 'PlatformServiceTemplate.Api.Controllers.AuthController.Register (PlatformServiceTemplate.Api)'
2026-02-23 11:49:15.846 +05:30 [INF] Route matched with {action = "Register", controller = "Auth"}. Executing controller action with signature System.Threading.Tasks.Task`1[Microsoft.AspNetCore.Mvc.IActionResult] Register(PlatformServiceTemplate.Api.Contracts.Auth.RegisterRequest, System.Threading.CancellationToken) on controller PlatformServiceTemplate.Api.Controllers.AuthController (PlatformServiceTemplate.Api).
2026-02-23 11:49:15.853 +05:30 [DBG] Execution plan of authorization filters (in the following order): ["None"]
2026-02-23 11:49:15.855 +05:30 [DBG] Execution plan of resource filters (in the following order): ["None"]
2026-02-23 11:49:15.858 +05:30 [DBG] Execution plan of action filters (in the following order): ["Microsoft.AspNetCore.Mvc.ModelBinding.UnsupportedContentTypeFilter (Order: -3000)","Microsoft.AspNetCore.Mvc.Infrastructure.ModelStateInvalidFilter (Order: -2000)"]
2026-02-23 11:49:15.861 +05:30 [DBG] Execution plan of exception filters (in the following order): ["None"]
2026-02-23 11:49:15.863 +05:30 [DBG] Execution plan of result filters (in the following order): ["Microsoft.AspNetCore.Mvc.Infrastructure.ClientErrorResultFilter (Order: -2000)"]
2026-02-23 11:49:15.868 +05:30 [DBG] Executing controller factory for controller PlatformServiceTemplate.Api.Controllers.AuthController (PlatformServiceTemplate.Api)
2026-02-23 11:49:15.889 +05:30 [DBG] Executed controller factory for controller PlatformServiceTemplate.Api.Controllers.AuthController (PlatformServiceTemplate.Api)
2026-02-23 11:49:15.900 +05:30 [DBG] Attempting to bind parameter 'request' of type 'PlatformServiceTemplate.Api.Contracts.Auth.RegisterRequest' ...
2026-02-23 11:49:15.904 +05:30 [DBG] Attempting to bind parameter 'request' of type 'PlatformServiceTemplate.Api.Contracts.Auth.RegisterRequest' using the name '' in request data ...
2026-02-23 11:49:15.909 +05:30 [DBG] Selected input formatter 'Microsoft.AspNetCore.Mvc.Formatters.SystemTextJsonInputFormatter' for content type 'application/json'.
2026-02-23 11:49:15.919 +05:30 [DBG] Connection id "0HNJIKDMCTD1B", Request id "12b0c1d95e324f2c8800a279f24a4602": started reading request body.
2026-02-23 11:49:15.922 +05:30 [DBG] Connection id "0HNJIKDMCTD1B", Request id "12b0c1d95e324f2c8800a279f24a4602": done reading request body.
2026-02-23 11:49:15.935 +05:30 [DBG] JSON input formatter succeeded, deserializing to type 'PlatformServiceTemplate.Api.Contracts.Auth.RegisterRequest'
2026-02-23 11:49:15.937 +05:30 [DBG] Done attempting to bind parameter 'request' of type 'PlatformServiceTemplate.Api.Contracts.Auth.RegisterRequest'.
2026-02-23 11:49:15.939 +05:30 [DBG] Done attempting to bind parameter 'request' of type 'PlatformServiceTemplate.Api.Contracts.Auth.RegisterRequest'.
2026-02-23 11:49:15.941 +05:30 [DBG] Attempting to validate the bound parameter 'request' of type 'PlatformServiceTemplate.Api.Contracts.Auth.RegisterRequest' ...
2026-02-23 11:49:15.954 +05:30 [DBG] Done attempting to validate the bound parameter 'request' of type 'PlatformServiceTemplate.Api.Contracts.Auth.RegisterRequest'.
2026-02-23 11:49:15.957 +05:30 [DBG] Attempting to bind parameter 'cancellationToken' of type 'System.Threading.CancellationToken' ...
2026-02-23 11:49:15.960 +05:30 [DBG] Done attempting to bind parameter 'cancellationToken' of type 'System.Threading.CancellationToken'.
2026-02-23 11:49:15.962 +05:30 [DBG] Attempting to validate the bound parameter 'cancellationToken' of type 'System.Threading.CancellationToken' ...
2026-02-23 11:49:15.965 +05:30 [DBG] Done attempting to validate the bound parameter 'cancellationToken' of type 'System.Threading.CancellationToken'.
2026-02-23 11:49:15.976 +05:30 [INF] Executing action method PlatformServiceTemplate.Api.Controllers.AuthController.Register (PlatformServiceTemplate.Api) - Validation state: "Valid"
2026-02-23 11:49:15.990 +05:30 [DBG] User password validation failed: PasswordTooShort;PasswordRequiresNonAlphanumeric;PasswordRequiresDigit;PasswordRequiresUpper.
2026-02-23 11:49:15.993 +05:30 [WRN] Registration failed for satyaambati5@gamil.com. errorCount=4 errors=["Passwords must be at least 8 characters.","Passwords must have at least one non alphanumeric character.","Passwords must have at least one digit ('0'-'9').","Passwords must have at least one uppercase ('A'-'Z')."] correlation=12b0c1d95e324f2c8800a279f24a4602
2026-02-23 11:49:16.006 +05:30 [INF] Executed action method PlatformServiceTemplate.Api.Controllers.AuthController.Register (PlatformServiceTemplate.Api), returned result Microsoft.AspNetCore.Mvc.BadRequestObjectResult in 18.4484ms.
2026-02-23 11:49:16.015 +05:30 [DBG] List of registered output formatters, in the following order: ["Microsoft.AspNetCore.Mvc.Formatters.HttpNoContentOutputFormatter","Microsoft.AspNetCore.Mvc.Formatters.StringOutputFormatter","Microsoft.AspNetCore.Mvc.Formatters.StreamOutputFormatter","Microsoft.AspNetCore.Mvc.Formatters.SystemTextJsonOutputFormatter"]
2026-02-23 11:49:16.022 +05:30 [DBG] No information found on request to perform content negotiation.
2026-02-23 11:49:16.024 +05:30 [DBG] Attempting to select an output formatter without using a content type as no explicit content types were specified for the response.
2026-02-23 11:49:16.026 +05:30 [DBG] Attempting to select the first formatter in the output formatters list which can write the result.
2026-02-23 11:49:16.029 +05:30 [DBG] Selected output formatter 'Microsoft.AspNetCore.Mvc.Formatters.SystemTextJsonOutputFormatter' and content type 'application/json' to write the response.
2026-02-23 11:49:16.032 +05:30 [INF] Executing BadRequestObjectResult, writing value of type 'PlatformServiceTemplate.Api.Contracts.Common.ApiResponse`1[[System.Object, System.Private.CoreLib, Version=10.0.0.0, Culture=neutral, PublicKeyToken=7cec85d7bea7798e]]'.
2026-02-23 11:49:16.048 +05:30 [INF] Executed action PlatformServiceTemplate.Api.Controllers.AuthController.Register (PlatformServiceTemplate.Api) in 175.9023ms
2026-02-23 11:49:16.051 +05:30 [INF] Executed endpoint 'PlatformServiceTemplate.Api.Controllers.AuthController.Register (PlatformServiceTemplate.Api)'
2026-02-23 11:49:16.054 +05:30 [INF] Request completed POST /api/v1/auth/register status=400 elapsedMs=335 user=anonymous correlation=12b0c1d95e324f2c8800a279f24a4602
2026-02-23 11:49:16.060 +05:30 [INF] Request finished HTTP/2 POST https://localhost:7258/api/v1/auth/register - 400 null application/json; charset=utf-8 363.8723ms
2026-02-23 11:50:23.584 +05:30 [INF] Request starting HTTP/2 POST https://localhost:7258/api/v1/auth/register - application/json 67
2026-02-23 11:50:23.591 +05:30 [DBG] 1 candidate(s) found for the request path '/api/v1/auth/register'
2026-02-23 11:50:23.593 +05:30 [DBG] Endpoint 'PlatformServiceTemplate.Api.Controllers.AuthController.Register (PlatformServiceTemplate.Api)' with route pattern 'api/v1/auth/register' is valid for the request path '/api/v1/auth/register'
2026-02-23 11:50:23.595 +05:30 [DBG] Request matched endpoint 'PlatformServiceTemplate.Api.Controllers.AuthController.Register (PlatformServiceTemplate.Api)'
2026-02-23 11:50:23.597 +05:30 [INF] Request started POST /api/v1/auth/register user=anonymous correlation=b6a5420306af4dcb90004120cad82188
2026-02-23 11:50:23.600 +05:30 [DBG] AuthenticationScheme: Bearer was not authenticated.
2026-02-23 11:50:23.602 +05:30 [INF] Executing endpoint 'PlatformServiceTemplate.Api.Controllers.AuthController.Register (PlatformServiceTemplate.Api)'
2026-02-23 11:50:23.603 +05:30 [INF] Route matched with {action = "Register", controller = "Auth"}. Executing controller action with signature System.Threading.Tasks.Task`1[Microsoft.AspNetCore.Mvc.IActionResult] Register(PlatformServiceTemplate.Api.Contracts.Auth.RegisterRequest, System.Threading.CancellationToken) on controller PlatformServiceTemplate.Api.Controllers.AuthController (PlatformServiceTemplate.Api).
2026-02-23 11:50:23.606 +05:30 [DBG] Execution plan of authorization filters (in the following order): ["None"]
2026-02-23 11:50:23.608 +05:30 [DBG] Execution plan of resource filters (in the following order): ["None"]
2026-02-23 11:50:23.610 +05:30 [DBG] Execution plan of action filters (in the following order): ["Microsoft.AspNetCore.Mvc.ModelBinding.UnsupportedContentTypeFilter (Order: -3000)","Microsoft.AspNetCore.Mvc.Infrastructure.ModelStateInvalidFilter (Order: -2000)"]
2026-02-23 11:50:23.612 +05:30 [DBG] Execution plan of exception filters (in the following order): ["None"]
2026-02-23 11:50:23.614 +05:30 [DBG] Execution plan of result filters (in the following order): ["Microsoft.AspNetCore.Mvc.Infrastructure.ClientErrorResultFilter (Order: -2000)"]
2026-02-23 11:50:23.616 +05:30 [DBG] Executing controller factory for controller PlatformServiceTemplate.Api.Controllers.AuthController (PlatformServiceTemplate.Api)
2026-02-23 11:50:23.620 +05:30 [DBG] Executed controller factory for controller PlatformServiceTemplate.Api.Controllers.AuthController (PlatformServiceTemplate.Api)
2026-02-23 11:50:23.661 +05:30 [DBG] Attempting to bind parameter 'request' of type 'PlatformServiceTemplate.Api.Contracts.Auth.RegisterRequest' ...
2026-02-23 11:50:23.662 +05:30 [DBG] Attempting to bind parameter 'request' of type 'PlatformServiceTemplate.Api.Contracts.Auth.RegisterRequest' using the name '' in request data ...
2026-02-23 11:50:23.664 +05:30 [DBG] Selected input formatter 'Microsoft.AspNetCore.Mvc.Formatters.SystemTextJsonInputFormatter' for content type 'application/json'.
2026-02-23 11:50:23.666 +05:30 [DBG] Connection id "0HNJIKDMCTD1B", Request id "b6a5420306af4dcb90004120cad82188": started reading request body.
2026-02-23 11:50:23.667 +05:30 [DBG] Connection id "0HNJIKDMCTD1B", Request id "b6a5420306af4dcb90004120cad82188": done reading request body.
2026-02-23 11:50:23.669 +05:30 [DBG] JSON input formatter succeeded, deserializing to type 'PlatformServiceTemplate.Api.Contracts.Auth.RegisterRequest'
2026-02-23 11:50:23.670 +05:30 [DBG] Done attempting to bind parameter 'request' of type 'PlatformServiceTemplate.Api.Contracts.Auth.RegisterRequest'.
2026-02-23 11:50:23.672 +05:30 [DBG] Done attempting to bind parameter 'request' of type 'PlatformServiceTemplate.Api.Contracts.Auth.RegisterRequest'.
2026-02-23 11:50:23.674 +05:30 [DBG] Attempting to validate the bound parameter 'request' of type 'PlatformServiceTemplate.Api.Contracts.Auth.RegisterRequest' ...
2026-02-23 11:50:23.676 +05:30 [DBG] Done attempting to validate the bound parameter 'request' of type 'PlatformServiceTemplate.Api.Contracts.Auth.RegisterRequest'.
2026-02-23 11:50:23.678 +05:30 [DBG] Attempting to bind parameter 'cancellationToken' of type 'System.Threading.CancellationToken' ...
2026-02-23 11:50:23.680 +05:30 [DBG] Done attempting to bind parameter 'cancellationToken' of type 'System.Threading.CancellationToken'.
2026-02-23 11:50:23.681 +05:30 [DBG] Attempting to validate the bound parameter 'cancellationToken' of type 'System.Threading.CancellationToken' ...
2026-02-23 11:50:23.683 +05:30 [DBG] Done attempting to validate the bound parameter 'cancellationToken' of type 'System.Threading.CancellationToken'.
2026-02-23 11:50:23.684 +05:30 [INF] Executing action method PlatformServiceTemplate.Api.Controllers.AuthController.Register (PlatformServiceTemplate.Api) - Validation state: "Valid"
2026-02-23 11:50:23.840 +05:30 [DBG] Entity Framework Core 10.0.3 initialized 'ApplicationDbContext' using provider 'Microsoft.EntityFrameworkCore.SqlServer:10.0.3' with options: EngineType=SqlServer 
2026-02-23 11:50:23.950 +05:30 [DBG] Compiling query expression: 
'DbSet<ApplicationUser>()
    .FirstOrDefault(u => u.NormalizedUserName == @normalizedUserName)'
2026-02-23 11:50:24.328 +05:30 [DBG] Generated query execution expression: 
'queryContext => ShapedQueryCompilingExpressionVisitor.SingleOrDefaultAsync<ApplicationUser>(
    asyncEnumerable: SingleQueryingEnumerable.Create<ApplicationUser>(
        relationalQueryContext: (RelationalQueryContext)queryContext, 
        relationalCommandResolver: parameters => [LIFTABLE Constant: RelationalCommandCache.QueryExpression(
            Projection Mapping:
                EmptyProjectionMember -> Dictionary<IPropertyBase, int> { [Property: ApplicationUser.Id (Guid) Required PK AfterSave:Throw ValueGenerated.OnAdd, 0], [Property: ApplicationUser.AccessFailedCount (int) Required, 1], [Property: ApplicationUser.ConcurrencyStamp (string) Concurrency, 2], [Property: ApplicationUser.Email (string) MaxLength(256), 3], [Property: ApplicationUser.EmailConfirmed (bool) Required, 4], [Property: ApplicationUser.LockoutEnabled (bool) Required, 5], [Property: ApplicationUser.LockoutEnd (DateTimeOffset?), 6], [Property: ApplicationUser.NormalizedEmail (string) Index MaxLength(256), 7], [Property: ApplicationUser.NormalizedUserName (string) Index MaxLength(256), 8], [Property: ApplicationUser.PasswordHash (string), 9], [Property: ApplicationUser.PhoneNumber (string), 10], [Property: ApplicationUser.PhoneNumberConfirmed (bool) Required, 11], [Property: ApplicationUser.SecurityStamp (string), 12], [Property: ApplicationUser.TwoFactorEnabled (bool) Required, 13], [Property: ApplicationUser.UserName (string) MaxLength(256), 14] }
            SELECT TOP(1) u.Id, u.AccessFailedCount, u.ConcurrencyStamp, u.Email, u.EmailConfirmed, u.LockoutEnabled, u.LockoutEnd, u.NormalizedEmail, u.NormalizedUserName, u.PasswordHash, u.PhoneNumber, u.PhoneNumberConfirmed, u.SecurityStamp, u.TwoFactorEnabled, u.UserName
            FROM identity.Users AS u
            WHERE u.NormalizedUserName == @normalizedUserName) | Resolver: c => new RelationalCommandCache(
            c.Dependencies.MemoryCache, 
            c.RelationalDependencies.QuerySqlGeneratorFactory, 
            c.RelationalDependencies.RelationalParameterBasedSqlProcessorFactory, 
            Projection Mapping:
                EmptyProjectionMember -> Dictionary<IPropertyBase, int> { [Property: ApplicationUser.Id (Guid) Required PK AfterSave:Throw ValueGenerated.OnAdd, 0], [Property: ApplicationUser.AccessFailedCount (int) Required, 1], [Property: ApplicationUser.ConcurrencyStamp (string) Concurrency, 2], [Property: ApplicationUser.Email (string) MaxLength(256), 3], [Property: ApplicationUser.EmailConfirmed (bool) Required, 4], [Property: ApplicationUser.LockoutEnabled (bool) Required, 5], [Property: ApplicationUser.LockoutEnd (DateTimeOffset?), 6], [Property: ApplicationUser.NormalizedEmail (string) Index MaxLength(256), 7], [Property: ApplicationUser.NormalizedUserName (string) Index MaxLength(256), 8], [Property: ApplicationUser.PasswordHash (string), 9], [Property: ApplicationUser.PhoneNumber (string), 10], [Property: ApplicationUser.PhoneNumberConfirmed (bool) Required, 11], [Property: ApplicationUser.SecurityStamp (string), 12], [Property: ApplicationUser.TwoFactorEnabled (bool) Required, 13], [Property: ApplicationUser.UserName (string) MaxLength(256), 14] }
            SELECT TOP(1) u.Id, u.AccessFailedCount, u.ConcurrencyStamp, u.Email, u.EmailConfirmed, u.LockoutEnabled, u.LockoutEnd, u.NormalizedEmail, u.NormalizedUserName, u.PasswordHash, u.PhoneNumber, u.PhoneNumberConfirmed, u.SecurityStamp, u.TwoFactorEnabled, u.UserName
            FROM identity.Users AS u
            WHERE u.NormalizedUserName == @normalizedUserName, 
            False, 
            MultipleParameters
        )].GetRelationalCommandTemplate(parameters), 
        readerColumns: null, 
        shaper: (queryContext, dataReader, resultContext, resultCoordinator) => 
        {
            ApplicationUser entity;
            entity = 
            {
                MaterializationContext materializationContext1;
                IEntityType entityType1;
                ApplicationUser instance1;
                InternalEntityEntry entry1;
                bool hasNullKey1;
                materializationContext1 = new MaterializationContext(
                    [LIFTABLE Constant: ValueBuffer | Resolver: _ => (object)ValueBuffer.Empty], 
                    queryContext.Context
                );
                instance1 = default(ApplicationUser);
                entry1 = queryContext.TryGetEntry(
                    key: [LIFTABLE Constant: Key: ApplicationUser.Id PK | Resolver: c => c.Dependencies.Model.FindEntityType("PlatformServiceTemplate.Infrastructure.Identity.ApplicationUser").FindPrimaryKey()], 
                    keyValues: new object[]{ (object)dataReader.GetGuid(0) }, 
                    throwOnNullKey: True, 
                    hasNullKey: hasNullKey1);
                !(hasNullKey1) ? entry1 != default(InternalEntityEntry) ? 
                {
                    entityType1 = entry1.EntityType;
                    return instance1 = (ApplicationUser)entry1.Entity;
                } : 
                {
                    ISnapshot shadowSnapshot1;
                    shadowSnapshot1 = [LIFTABLE Constant: Snapshot | Resolver: _ => Snapshot.Empty];
                    entityType1 = [LIFTABLE Constant: EntityType: ApplicationUser | Resolver: namelessParameter{0} => namelessParameter{0}.Dependencies.Model.FindEntityType("PlatformServiceTemplate.Infrastructure.Identity.ApplicationUser")];
                    instance1 = switch (entityType1)
                    {
                        case [LIFTABLE Constant: EntityType: ApplicationUser | Resolver: namelessParameter{1} => namelessParameter{1}.Dependencies.Model.FindEntityType("PlatformServiceTemplate.Infrastructure.Identity.ApplicationUser")]: 
                            {
                                return 
                                {
                                    ApplicationUser instance;
                                    instance = new ApplicationUser();
                                    instance.<Id>k__BackingField = dataReader.GetGuid(0);
                                    instance.<AccessFailedCount>k__BackingField = dataReader.GetInt32(1);
                                    instance.<ConcurrencyStamp>k__BackingField = dataReader.IsDBNull(2) ? default(string) : dataReader.GetString(2);
                                    instance.<Email>k__BackingField = dataReader.IsDBNull(3) ? default(string) : dataReader.GetString(3);
                                    instance.<EmailConfirmed>k__BackingField = dataReader.GetBoolean(4);
                                    instance.<LockoutEnabled>k__BackingField = dataReader.GetBoolean(5);
                                    instance.<LockoutEnd>k__BackingField = dataReader.IsDBNull(6) ? default(DateTimeOffset?) : (DateTimeOffset?)dataReader.GetFieldValue<DateTimeOffset>(6);
                                    instance.<NormalizedEmail>k__BackingField = dataReader.IsDBNull(7) ? default(string) : dataReader.GetString(7);
                                    instance.<NormalizedUserName>k__BackingField = dataReader.IsDBNull(8) ? default(string) : dataReader.GetString(8);
                                    instance.<PasswordHash>k__BackingField = dataReader.IsDBNull(9) ? default(string) : dataReader.GetString(9);
                                    instance.<PhoneNumber>k__BackingField = dataReader.IsDBNull(10) ? default(string) : dataReader.GetString(10);
                                    instance.<PhoneNumberConfirmed>k__BackingField = dataReader.GetBoolean(11);
                                    instance.<SecurityStamp>k__BackingField = dataReader.IsDBNull(12) ? default(string) : dataReader.GetString(12);
                                    instance.<TwoFactorEnabled>k__BackingField = dataReader.GetBoolean(13);
                                    instance.<UserName>k__BackingField = dataReader.IsDBNull(14) ? default(string) : dataReader.GetString(14);
                                    (instance is IInjectableService) ? ((IInjectableService)instance).Injected(
                                        context: materializationContext1.Context, 
                                        entity: instance, 
                                        queryTrackingBehavior: TrackAll, 
                                        structuralType: [LIFTABLE Constant: EntityType: ApplicationUser | Resolver: namelessParameter{2} => namelessParameter{2}.Dependencies.Model.FindEntityType("PlatformServiceTemplate.Infrastructure.Identity.ApplicationUser")]) : default(void);
                                    return instance;
                                }}
                        default: 
                            default(ApplicationUser)
                    }
                    ;
                    entry1 = entityType1 == default(IEntityType) ? default(InternalEntityEntry) : queryContext.StartTracking(
                        entityType: entityType1, 
                        entity: instance1, 
                        snapshot: shadowSnapshot1);
                    return instance1;
                } : default(void);
                return instance1;
            };
            return entity;
        }, 
        contextType: PlatformServiceTemplate.Infrastructure.Persistence.ApplicationDbContext, 
        standAloneStateManager: False, 
        detailedErrorsEnabled: False, 
        threadSafetyChecksEnabled: True), 
    cancellationToken: queryContext.CancellationToken)'
2026-02-23 11:50:24.403 +05:30 [DBG] Creating DbConnection.
2026-02-23 11:50:24.406 +05:30 [DBG] Created DbConnection. (2ms).
2026-02-23 11:50:24.409 +05:30 [DBG] Opening connection to database 'TorqueDB' on server 'KIL-HP-H036'.
2026-02-23 11:50:24.411 +05:30 [DBG] Opened connection to database 'TorqueDB' on server 'KIL-HP-H036'.
2026-02-23 11:50:24.414 +05:30 [DBG] Creating DbCommand for 'ExecuteReader'.
2026-02-23 11:50:24.416 +05:30 [DBG] Created DbCommand for 'ExecuteReader' (1ms).
2026-02-23 11:50:24.426 +05:30 [DBG] Initialized DbCommand for 'ExecuteReader' (11ms).
2026-02-23 11:50:24.431 +05:30 [DBG] Executing DbCommand [Parameters=[@normalizedUserName='?' (Size = 256)], CommandType='"Text"', CommandTimeout='30']
SELECT TOP(1) [u].[Id], [u].[AccessFailedCount], [u].[ConcurrencyStamp], [u].[Email], [u].[EmailConfirmed], [u].[LockoutEnabled], [u].[LockoutEnd], [u].[NormalizedEmail], [u].[NormalizedUserName], [u].[PasswordHash], [u].[PhoneNumber], [u].[PhoneNumberConfirmed], [u].[SecurityStamp], [u].[TwoFactorEnabled], [u].[UserName]
FROM [identity].[Users] AS [u]
WHERE [u].[NormalizedUserName] = @normalizedUserName
2026-02-23 11:50:24.581 +05:30 [INF] Executed DbCommand (153ms) [Parameters=[@normalizedUserName='?' (Size = 256)], CommandType='"Text"', CommandTimeout='30']
SELECT TOP(1) [u].[Id], [u].[AccessFailedCount], [u].[ConcurrencyStamp], [u].[Email], [u].[EmailConfirmed], [u].[LockoutEnabled], [u].[LockoutEnd], [u].[NormalizedEmail], [u].[NormalizedUserName], [u].[PasswordHash], [u].[PhoneNumber], [u].[PhoneNumberConfirmed], [u].[SecurityStamp], [u].[TwoFactorEnabled], [u].[UserName]
FROM [identity].[Users] AS [u]
WHERE [u].[NormalizedUserName] = @normalizedUserName
2026-02-23 11:50:24.589 +05:30 [DBG] Closing data reader to 'TorqueDB' on server 'KIL-HP-H036'.
2026-02-23 11:50:24.593 +05:30 [DBG] A data reader for 'TorqueDB' on server 'KIL-HP-H036' is being disposed after spending 9ms reading results.
2026-02-23 11:50:24.596 +05:30 [DBG] Closing connection to database 'TorqueDB' on server 'KIL-HP-H036'.
2026-02-23 11:50:24.598 +05:30 [DBG] Closed connection to database 'TorqueDB' on server 'KIL-HP-H036' (1ms).
2026-02-23 11:50:24.786 +05:30 [DBG] Context 'ApplicationDbContext' started tracking 'ApplicationUser' entity. Consider using 'DbContextOptionsBuilder.EnableSensitiveDataLogging' to see key values.
2026-02-23 11:50:24.793 +05:30 [DBG] SaveChanges starting for 'ApplicationDbContext'.
2026-02-23 11:50:24.799 +05:30 [DBG] DetectChanges starting for 'ApplicationDbContext'.
2026-02-23 11:50:24.840 +05:30 [DBG] DetectChanges completed for 'ApplicationDbContext'.
2026-02-23 11:50:24.940 +05:30 [DBG] Opening connection to database 'TorqueDB' on server 'KIL-HP-H036'.
2026-02-23 11:50:24.943 +05:30 [DBG] Opened connection to database 'TorqueDB' on server 'KIL-HP-H036'.
2026-02-23 11:50:24.949 +05:30 [DBG] Creating DbCommand for 'ExecuteReader'.
2026-02-23 11:50:24.950 +05:30 [DBG] Created DbCommand for 'ExecuteReader' (1ms).
2026-02-23 11:50:24.953 +05:30 [DBG] Initialized DbCommand for 'ExecuteReader' (4ms).
2026-02-23 11:50:24.955 +05:30 [DBG] Executing DbCommand [Parameters=[@p0='?' (DbType = Guid), @p1='?' (DbType = Int32), @p2='?' (Size = 4000), @p3='?' (Size = 256), @p4='?' (DbType = Boolean), @p5='?' (DbType = Boolean), @p6='?' (DbType = DateTimeOffset), @p7='?' (Size = 256), @p8='?' (Size = 256), @p9='?' (Size = 4000), @p10='?' (Size = 4000), @p11='?' (DbType = Boolean), @p12='?' (Size = 4000), @p13='?' (DbType = Boolean), @p14='?' (Size = 256)], CommandType='"Text"', CommandTimeout='30']
SET IMPLICIT_TRANSACTIONS OFF;
SET NOCOUNT ON;
INSERT INTO [identity].[Users] ([Id], [AccessFailedCount], [ConcurrencyStamp], [Email], [EmailConfirmed], [LockoutEnabled], [LockoutEnd], [NormalizedEmail], [NormalizedUserName], [PasswordHash], [PhoneNumber], [PhoneNumberConfirmed], [SecurityStamp], [TwoFactorEnabled], [UserName])
VALUES (@p0, @p1, @p2, @p3, @p4, @p5, @p6, @p7, @p8, @p9, @p10, @p11, @p12, @p13, @p14);
2026-02-23 11:50:25.002 +05:30 [INF] Executed DbCommand (47ms) [Parameters=[@p0='?' (DbType = Guid), @p1='?' (DbType = Int32), @p2='?' (Size = 4000), @p3='?' (Size = 256), @p4='?' (DbType = Boolean), @p5='?' (DbType = Boolean), @p6='?' (DbType = DateTimeOffset), @p7='?' (Size = 256), @p8='?' (Size = 256), @p9='?' (Size = 4000), @p10='?' (Size = 4000), @p11='?' (DbType = Boolean), @p12='?' (Size = 4000), @p13='?' (DbType = Boolean), @p14='?' (Size = 256)], CommandType='"Text"', CommandTimeout='30']
SET IMPLICIT_TRANSACTIONS OFF;
SET NOCOUNT ON;
INSERT INTO [identity].[Users] ([Id], [AccessFailedCount], [ConcurrencyStamp], [Email], [EmailConfirmed], [LockoutEnabled], [LockoutEnd], [NormalizedEmail], [NormalizedUserName], [PasswordHash], [PhoneNumber], [PhoneNumberConfirmed], [SecurityStamp], [TwoFactorEnabled], [UserName])
VALUES (@p0, @p1, @p2, @p3, @p4, @p5, @p6, @p7, @p8, @p9, @p10, @p11, @p12, @p13, @p14);
2026-02-23 11:50:25.012 +05:30 [DBG] Closing data reader to 'TorqueDB' on server 'KIL-HP-H036'.
2026-02-23 11:50:25.015 +05:30 [DBG] A data reader for 'TorqueDB' on server 'KIL-HP-H036' is being disposed after spending 7ms reading results.
2026-02-23 11:50:25.019 +05:30 [DBG] Closing connection to database 'TorqueDB' on server 'KIL-HP-H036'.
2026-02-23 11:50:25.022 +05:30 [DBG] Closed connection to database 'TorqueDB' on server 'KIL-HP-H036' (2ms).
2026-02-23 11:50:25.042 +05:30 [DBG] An entity of type 'ApplicationUser' tracked by 'ApplicationDbContext' changed state from '"Added"' to '"Unchanged"'. Consider using 'DbContextOptionsBuilder.EnableSensitiveDataLogging' to see key values.
2026-02-23 11:50:25.049 +05:30 [DBG] SaveChanges completed for 'ApplicationDbContext' with 1 entities written to the database.
2026-02-23 11:50:25.066 +05:30 [DBG] Compiling query expression: 
'DbSet<IdentityRole<Guid>>()
    .SingleOrDefault(r => r.NormalizedName == @normalizedRoleName)'
2026-02-23 11:50:25.079 +05:30 [DBG] Generated query execution expression: 
'queryContext => ShapedQueryCompilingExpressionVisitor.SingleOrDefaultAsync<IdentityRole<Guid>>(
    asyncEnumerable: SingleQueryingEnumerable.Create<IdentityRole<Guid>>(
        relationalQueryContext: (RelationalQueryContext)queryContext, 
        relationalCommandResolver: parameters => [LIFTABLE Constant: RelationalCommandCache.QueryExpression(
            Projection Mapping:
                EmptyProjectionMember -> Dictionary<IPropertyBase, int> { [Property: IdentityRole<Guid>.Id (Guid) Required PK AfterSave:Throw ValueGenerated.OnAdd, 0], [Property: IdentityRole<Guid>.ConcurrencyStamp (string) Concurrency, 1], [Property: IdentityRole<Guid>.Name (string) MaxLength(256), 2], [Property: IdentityRole<Guid>.NormalizedName (string) Index MaxLength(256), 3] }
            SELECT TOP(2) r.Id, r.ConcurrencyStamp, r.Name, r.NormalizedName
            FROM identity.Roles AS r
            WHERE r.NormalizedName == @normalizedRoleName) | Resolver: c => new RelationalCommandCache(
            c.Dependencies.MemoryCache, 
            c.RelationalDependencies.QuerySqlGeneratorFactory, 
            c.RelationalDependencies.RelationalParameterBasedSqlProcessorFactory, 
            Projection Mapping:
                EmptyProjectionMember -> Dictionary<IPropertyBase, int> { [Property: IdentityRole<Guid>.Id (Guid) Required PK AfterSave:Throw ValueGenerated.OnAdd, 0], [Property: IdentityRole<Guid>.ConcurrencyStamp (string) Concurrency, 1], [Property: IdentityRole<Guid>.Name (string) MaxLength(256), 2], [Property: IdentityRole<Guid>.NormalizedName (string) Index MaxLength(256), 3] }
            SELECT TOP(2) r.Id, r.ConcurrencyStamp, r.Name, r.NormalizedName
            FROM identity.Roles AS r
            WHERE r.NormalizedName == @normalizedRoleName, 
            False, 
            MultipleParameters
        )].GetRelationalCommandTemplate(parameters), 
        readerColumns: null, 
        shaper: (queryContext, dataReader, resultContext, resultCoordinator) => 
        {
            IdentityRole<Guid> entity;
            entity = 
            {
                MaterializationContext materializationContext1;
                IEntityType entityType1;
                IdentityRole<Guid> instance1;
                InternalEntityEntry entry1;
                bool hasNullKey1;
                materializationContext1 = new MaterializationContext(
                    [LIFTABLE Constant: ValueBuffer | Resolver: _ => (object)ValueBuffer.Empty], 
                    queryContext.Context
                );
                instance1 = default(IdentityRole<Guid>);
                entry1 = queryContext.TryGetEntry(
                    key: [LIFTABLE Constant: Key: IdentityRole<Guid>.Id PK | Resolver: c => c.Dependencies.Model.FindEntityType("Microsoft.AspNetCore.Identity.IdentityRole<System.Guid>").FindPrimaryKey()], 
                    keyValues: new object[]{ (object)dataReader.GetGuid(0) }, 
                    throwOnNullKey: True, 
                    hasNullKey: hasNullKey1);
                !(hasNullKey1) ? entry1 != default(InternalEntityEntry) ? 
                {
                    entityType1 = entry1.EntityType;
                    return instance1 = (IdentityRole<Guid>)entry1.Entity;
                } : 
                {
                    ISnapshot shadowSnapshot1;
                    shadowSnapshot1 = [LIFTABLE Constant: Snapshot | Resolver: _ => Snapshot.Empty];
                    entityType1 = [LIFTABLE Constant: EntityType: IdentityRole<Guid> | Resolver: namelessParameter{0} => namelessParameter{0}.Dependencies.Model.FindEntityType("Microsoft.AspNetCore.Identity.IdentityRole<System.Guid>")];
                    instance1 = switch (entityType1)
                    {
                        case [LIFTABLE Constant: EntityType: IdentityRole<Guid> | Resolver: namelessParameter{1} => namelessParameter{1}.Dependencies.Model.FindEntityType("Microsoft.AspNetCore.Identity.IdentityRole<System.Guid>")]: 
                            {
                                return 
                                {
                                    IdentityRole<Guid> instance;
                                    instance = new IdentityRole<Guid>();
                                    instance.<Id>k__BackingField = dataReader.GetGuid(0);
                                    instance.<ConcurrencyStamp>k__BackingField = dataReader.IsDBNull(1) ? default(string) : dataReader.GetString(1);
                                    instance.<Name>k__BackingField = dataReader.IsDBNull(2) ? default(string) : dataReader.GetString(2);
                                    instance.<NormalizedName>k__BackingField = dataReader.IsDBNull(3) ? default(string) : dataReader.GetString(3);
                                    (instance is IInjectableService) ? ((IInjectableService)instance).Injected(
                                        context: materializationContext1.Context, 
                                        entity: instance, 
                                        queryTrackingBehavior: TrackAll, 
                                        structuralType: [LIFTABLE Constant: EntityType: IdentityRole<Guid> | Resolver: namelessParameter{2} => namelessParameter{2}.Dependencies.Model.FindEntityType("Microsoft.AspNetCore.Identity.IdentityRole<System.Guid>")]) : default(void);
                                    return instance;
                                }}
                        default: 
                            default(IdentityRole<Guid>)
                    }
                    ;
                    entry1 = entityType1 == default(IEntityType) ? default(InternalEntityEntry) : queryContext.StartTracking(
                        entityType: entityType1, 
                        entity: instance1, 
                        snapshot: shadowSnapshot1);
                    return instance1;
                } : default(void);
                return instance1;
            };
            return entity;
        }, 
        contextType: PlatformServiceTemplate.Infrastructure.Persistence.ApplicationDbContext, 
        standAloneStateManager: False, 
        detailedErrorsEnabled: False, 
        threadSafetyChecksEnabled: True), 
    cancellationToken: queryContext.CancellationToken)'
2026-02-23 11:50:25.088 +05:30 [DBG] Opening connection to database 'TorqueDB' on server 'KIL-HP-H036'.
2026-02-23 11:50:25.092 +05:30 [DBG] Opened connection to database 'TorqueDB' on server 'KIL-HP-H036'.
2026-02-23 11:50:25.094 +05:30 [DBG] Creating DbCommand for 'ExecuteReader'.
2026-02-23 11:50:25.096 +05:30 [DBG] Created DbCommand for 'ExecuteReader' (1ms).
2026-02-23 11:50:25.098 +05:30 [DBG] Initialized DbCommand for 'ExecuteReader' (3ms).
2026-02-23 11:50:25.099 +05:30 [DBG] Executing DbCommand [Parameters=[@normalizedRoleName='?' (Size = 256)], CommandType='"Text"', CommandTimeout='30']
SELECT TOP(2) [r].[Id], [r].[ConcurrencyStamp], [r].[Name], [r].[NormalizedName]
FROM [identity].[Roles] AS [r]
WHERE [r].[NormalizedName] = @normalizedRoleName
2026-02-23 11:50:25.111 +05:30 [INF] Executed DbCommand (12ms) [Parameters=[@normalizedRoleName='?' (Size = 256)], CommandType='"Text"', CommandTimeout='30']
SELECT TOP(2) [r].[Id], [r].[ConcurrencyStamp], [r].[Name], [r].[NormalizedName]
FROM [identity].[Roles] AS [r]
WHERE [r].[NormalizedName] = @normalizedRoleName
2026-02-23 11:50:25.115 +05:30 [DBG] Closing data reader to 'TorqueDB' on server 'KIL-HP-H036'.
2026-02-23 11:50:25.117 +05:30 [DBG] A data reader for 'TorqueDB' on server 'KIL-HP-H036' is being disposed after spending 2ms reading results.
2026-02-23 11:50:25.119 +05:30 [DBG] Closing connection to database 'TorqueDB' on server 'KIL-HP-H036'.
2026-02-23 11:50:25.121 +05:30 [DBG] Closed connection to database 'TorqueDB' on server 'KIL-HP-H036' (1ms).
2026-02-23 11:50:25.134 +05:30 [DBG] Opening connection to database 'TorqueDB' on server 'KIL-HP-H036'.
2026-02-23 11:50:25.136 +05:30 [DBG] Opened connection to database 'TorqueDB' on server 'KIL-HP-H036'.
2026-02-23 11:50:25.138 +05:30 [DBG] Creating DbCommand for 'ExecuteReader'.
2026-02-23 11:50:25.139 +05:30 [DBG] Created DbCommand for 'ExecuteReader' (1ms).
2026-02-23 11:50:25.141 +05:30 [DBG] Initialized DbCommand for 'ExecuteReader' (3ms).
2026-02-23 11:50:25.143 +05:30 [DBG] Executing DbCommand [Parameters=[@normalizedRoleName='?' (Size = 256)], CommandType='"Text"', CommandTimeout='30']
SELECT TOP(2) [r].[Id], [r].[ConcurrencyStamp], [r].[Name], [r].[NormalizedName]
FROM [identity].[Roles] AS [r]
WHERE [r].[NormalizedName] = @normalizedRoleName
2026-02-23 11:50:25.146 +05:30 [INF] Executed DbCommand (3ms) [Parameters=[@normalizedRoleName='?' (Size = 256)], CommandType='"Text"', CommandTimeout='30']
SELECT TOP(2) [r].[Id], [r].[ConcurrencyStamp], [r].[Name], [r].[NormalizedName]
FROM [identity].[Roles] AS [r]
WHERE [r].[NormalizedName] = @normalizedRoleName
2026-02-23 11:50:25.149 +05:30 [DBG] Closing data reader to 'TorqueDB' on server 'KIL-HP-H036'.
2026-02-23 11:50:25.151 +05:30 [DBG] A data reader for 'TorqueDB' on server 'KIL-HP-H036' is being disposed after spending 1ms reading results.
2026-02-23 11:50:25.153 +05:30 [DBG] Closing connection to database 'TorqueDB' on server 'KIL-HP-H036'.
2026-02-23 11:50:25.154 +05:30 [DBG] Closed connection to database 'TorqueDB' on server 'KIL-HP-H036' (1ms).
2026-02-23 11:51:14.969 +05:30 [INF] Executed action PlatformServiceTemplate.Api.Controllers.AuthController.Register (PlatformServiceTemplate.Api) in 51353.7206ms
2026-02-23 11:51:14.972 +05:30 [INF] Executed endpoint 'PlatformServiceTemplate.Api.Controllers.AuthController.Register (PlatformServiceTemplate.Api)'
2026-02-23 11:51:15.004 +05:30 [ERR] An unhandled exception has occurred while executing the request.
System.InvalidOperationException: Role USER does not exist.
   at Microsoft.AspNetCore.Identity.EntityFrameworkCore.UserStore`10.AddToRoleAsync(TUser user, String normalizedRoleName, CancellationToken cancellationToken)
   at Microsoft.AspNetCore.Identity.UserManager`1.AddToRoleCoreAsync(TUser user, String role)
   at Microsoft.AspNetCore.Identity.UserManager`1.AddToRoleAsync(TUser user, String role)
   at PlatformServiceTemplate.Infrastructure.Security.IdentityService.RegisterAsync(String email, String password, CancellationToken cancellationToken) in D:\Personal Space\Codex Created Project\application\src\PlatformServiceTemplate.Infrastructure\Security\IdentityService.cs:line 26
   at PlatformServiceTemplate.Api.Controllers.AuthController.Register(RegisterRequest request, CancellationToken cancellationToken) in D:\Personal Space\Codex Created Project\application\src\PlatformServiceTemplate.Api\Controllers\AuthController.cs:line 29
   at Microsoft.AspNetCore.Mvc.Infrastructure.ActionMethodExecutor.TaskOfIActionResultExecutor.Execute(ActionContext actionContext, IActionResultTypeMapper mapper, ObjectMethodExecutor executor, Object controller, Object[] arguments)
   at Microsoft.AspNetCore.Mvc.Infrastructure.ControllerActionInvoker.<InvokeActionMethodAsync>g__Logged|12_1(ControllerActionInvoker invoker)
   at Microsoft.AspNetCore.Mvc.Infrastructure.ControllerActionInvoker.<InvokeNextActionFilterAsync>g__Awaited|10_0(ControllerActionInvoker invoker, Task lastTask, State next, Scope scope, Object state, Boolean isCompleted)
   at Microsoft.AspNetCore.Mvc.Infrastructure.ControllerActionInvoker.Rethrow(ActionExecutedContextSealed context)
   at Microsoft.AspNetCore.Mvc.Infrastructure.ControllerActionInvoker.Next(State& next, Scope& scope, Object& state, Boolean& isCompleted)
   at Microsoft.AspNetCore.Mvc.Infrastructure.ControllerActionInvoker.<InvokeInnerFilterAsync>g__Awaited|13_0(ControllerActionInvoker invoker, Task lastTask, State next, Scope scope, Object state, Boolean isCompleted)
   at Microsoft.AspNetCore.Mvc.Infrastructure.ResourceInvoker.<InvokeFilterPipelineAsync>g__Awaited|20_0(ResourceInvoker invoker, Task lastTask, State next, Scope scope, Object state, Boolean isCompleted)
   at Microsoft.AspNetCore.Mvc.Infrastructure.ResourceInvoker.<InvokeAsync>g__Logged|17_1(ResourceInvoker invoker)
   at Microsoft.AspNetCore.Mvc.Infrastructure.ResourceInvoker.<InvokeAsync>g__Logged|17_1(ResourceInvoker invoker)
   at Microsoft.AspNetCore.Routing.EndpointMiddleware.<Invoke>g__AwaitRequestTask|7_0(Endpoint endpoint, Task requestTask, ILogger logger)
   at Microsoft.AspNetCore.Authorization.AuthorizationMiddleware.Invoke(HttpContext context)
   at Microsoft.AspNetCore.Authentication.AuthenticationMiddleware.Invoke(HttpContext context)
   at Microsoft.AspNetCore.RateLimiting.RateLimitingMiddleware.InvokeInternal(HttpContext context, EnableRateLimitingAttribute enableRateLimitingAttribute)
   at Swashbuckle.AspNetCore.SwaggerUI.SwaggerUIMiddleware.Invoke(HttpContext httpContext)
   at Swashbuckle.AspNetCore.Swagger.SwaggerMiddleware.Invoke(HttpContext httpContext, ISwaggerProvider swaggerProvider)
   at Microsoft.AspNetCore.Diagnostics.ExceptionHandlerMiddlewareImpl.<Invoke>g__Awaited|10_0(ExceptionHandlerMiddlewareImpl middleware, HttpContext context, Task task)
2026-02-23 11:51:15.021 +05:30 [INF] Request completed POST /api/v1/auth/register status=500 elapsedMs=51424 user=anonymous correlation=b6a5420306af4dcb90004120cad82188
2026-02-23 11:51:15.024 +05:30 [DBG] 'ApplicationDbContext' disposed.
2026-02-23 11:51:15.028 +05:30 [DBG] Disposing connection to database 'TorqueDB' on server 'KIL-HP-H036'.
2026-02-23 11:51:15.032 +05:30 [DBG] Disposed connection to database '' on server '' (3ms).
2026-02-23 11:51:15.034 +05:30 [INF] Request finished HTTP/2 POST https://localhost:7258/api/v1/auth/register - 500 null application/problem+json 51450.6939ms
2026-02-23 16:32:00.548 +05:30 [DBG] An 'IServiceProvider' was created for internal use by Entity Framework.
2026-02-23 16:32:01.711 +05:30 [DBG] The index {'UserId'} was not created on entity type 'IdentityUserRole<Guid>' as the properties are already covered by the index {'UserId', 'RoleId'}.
2026-02-23 16:32:01.719 +05:30 [DBG] The index {'UserId'} was not created on entity type 'IdentityUserToken<Guid>' as the properties are already covered by the index {'UserId', 'LoginProvider', 'Name'}.
2026-02-23 16:32:02.122 +05:30 [DBG] Entity Framework Core 10.0.3 initialized 'ApplicationDbContext' using provider 'Microsoft.EntityFrameworkCore.SqlServer:10.0.3' with options: EngineType=SqlServer 
2026-02-23 16:32:02.429 +05:30 [DBG] Creating DbConnection.
2026-02-23 16:32:02.477 +05:30 [DBG] Created DbConnection. (42ms).
2026-02-23 16:32:02.488 +05:30 [DBG] Migrating using database 'TorqueDB' on server 'KIL-HP-H036'.
2026-02-23 16:32:02.507 +05:30 [DBG] Opening connection to database 'TorqueDB' on server 'KIL-HP-H036'.
2026-02-23 16:32:03.035 +05:30 [DBG] Opened connection to database 'TorqueDB' on server 'KIL-HP-H036'.
2026-02-23 16:32:03.063 +05:30 [DBG] Creating DbCommand for 'ExecuteNonQuery'.
2026-02-23 16:32:03.084 +05:30 [DBG] Created DbCommand for 'ExecuteNonQuery' (17ms).
2026-02-23 16:32:03.090 +05:30 [DBG] Initialized DbCommand for 'ExecuteNonQuery' (32ms).
2026-02-23 16:32:03.119 +05:30 [DBG] Executing DbCommand [Parameters=[], CommandType='"Text"', CommandTimeout='30']
SELECT 1
2026-02-23 16:32:03.215 +05:30 [INF] Executed DbCommand (111ms) [Parameters=[], CommandType='"Text"', CommandTimeout='30']
SELECT 1
2026-02-23 16:32:03.229 +05:30 [DBG] Closing connection to database 'TorqueDB' on server 'KIL-HP-H036'.
2026-02-23 16:32:03.253 +05:30 [DBG] Closed connection to database 'TorqueDB' on server 'KIL-HP-H036' (17ms).
2026-02-23 16:32:03.260 +05:30 [DBG] Opening connection to database 'TorqueDB' on server 'KIL-HP-H036'.
2026-02-23 16:32:03.266 +05:30 [DBG] Opened connection to database 'TorqueDB' on server 'KIL-HP-H036'.
2026-02-23 16:32:03.273 +05:30 [INF] Acquiring an exclusive lock for migration application. See https://aka.ms/efcore-docs-migrations-lock for more information if this takes too long.
2026-02-23 16:32:03.287 +05:30 [DBG] Creating DbCommand for 'ExecuteScalar'.
2026-02-23 16:32:03.292 +05:30 [DBG] Created DbCommand for 'ExecuteScalar' (5ms).
2026-02-23 16:32:03.295 +05:30 [DBG] Initialized DbCommand for 'ExecuteScalar' (8ms).
2026-02-23 16:32:03.299 +05:30 [DBG] Executing DbCommand [Parameters=[], CommandType='"Text"', CommandTimeout='30']
DECLARE @result int;
EXEC @result = sp_getapplock @Resource = '__EFMigrationsLock', @LockOwner = 'Session', @LockMode = 'Exclusive';
SELECT @result
2026-02-23 16:32:03.411 +05:30 [INF] Executed DbCommand (111ms) [Parameters=[], CommandType='"Text"', CommandTimeout='30']
DECLARE @result int;
EXEC @result = sp_getapplock @Resource = '__EFMigrationsLock', @LockOwner = 'Session', @LockMode = 'Exclusive';
SELECT @result
2026-02-23 16:32:03.580 +05:30 [DBG] Beginning transaction with isolation level 'Unspecified'.
2026-02-23 16:32:03.601 +05:30 [DBG] Began transaction with isolation level 'ReadCommitted'.
2026-02-23 16:32:03.608 +05:30 [DBG] Creating DbCommand for 'ExecuteNonQuery'.
2026-02-23 16:32:03.611 +05:30 [DBG] Created DbCommand for 'ExecuteNonQuery' (2ms).
2026-02-23 16:32:03.616 +05:30 [DBG] Initialized DbCommand for 'ExecuteNonQuery' (7ms).
2026-02-23 16:32:03.622 +05:30 [DBG] Executing DbCommand [Parameters=[], CommandType='"Text"', CommandTimeout='30']
IF OBJECT_ID(N'[__EFMigrationsHistory]') IS NULL
BEGIN
    CREATE TABLE [__EFMigrationsHistory] (
        [MigrationId] nvarchar(150) NOT NULL,
        [ProductVersion] nvarchar(32) NOT NULL,
        CONSTRAINT [PK___EFMigrationsHistory] PRIMARY KEY ([MigrationId])
    );
END;
2026-02-23 16:32:03.646 +05:30 [INF] Executed DbCommand (24ms) [Parameters=[], CommandType='"Text"', CommandTimeout='30']
IF OBJECT_ID(N'[__EFMigrationsHistory]') IS NULL
BEGIN
    CREATE TABLE [__EFMigrationsHistory] (
        [MigrationId] nvarchar(150) NOT NULL,
        [ProductVersion] nvarchar(32) NOT NULL,
        CONSTRAINT [PK___EFMigrationsHistory] PRIMARY KEY ([MigrationId])
    );
END;
2026-02-23 16:32:03.658 +05:30 [DBG] Committing transaction.
2026-02-23 16:32:03.666 +05:30 [DBG] Committed transaction.
2026-02-23 16:32:03.675 +05:30 [DBG] Disposing transaction.
2026-02-23 16:32:03.693 +05:30 [DBG] Beginning transaction with isolation level 'Unspecified'.
2026-02-23 16:32:03.697 +05:30 [DBG] Began transaction with isolation level 'ReadCommitted'.
2026-02-23 16:32:03.707 +05:30 [DBG] Creating DbCommand for 'ExecuteNonQuery'.
2026-02-23 16:32:03.711 +05:30 [DBG] Created DbCommand for 'ExecuteNonQuery' (3ms).
2026-02-23 16:32:03.714 +05:30 [DBG] Initialized DbCommand for 'ExecuteNonQuery' (7ms).
2026-02-23 16:32:03.725 +05:30 [DBG] Executing DbCommand [Parameters=[], CommandType='"Text"', CommandTimeout='30']
SELECT 1
2026-02-23 16:32:03.735 +05:30 [INF] Executed DbCommand (10ms) [Parameters=[], CommandType='"Text"', CommandTimeout='30']
SELECT 1
2026-02-23 16:32:03.745 +05:30 [DBG] Creating DbCommand for 'ExecuteScalar'.
2026-02-23 16:32:03.748 +05:30 [DBG] Created DbCommand for 'ExecuteScalar' (2ms).
2026-02-23 16:32:03.755 +05:30 [DBG] Initialized DbCommand for 'ExecuteScalar' (9ms).
2026-02-23 16:32:03.758 +05:30 [DBG] Executing DbCommand [Parameters=[], CommandType='"Text"', CommandTimeout='30']
SELECT OBJECT_ID(N'[__EFMigrationsHistory]');
2026-02-23 16:32:03.766 +05:30 [INF] Executed DbCommand (7ms) [Parameters=[], CommandType='"Text"', CommandTimeout='30']
SELECT OBJECT_ID(N'[__EFMigrationsHistory]');
2026-02-23 16:32:03.780 +05:30 [DBG] Creating DbCommand for 'ExecuteReader'.
2026-02-23 16:32:03.783 +05:30 [DBG] Created DbCommand for 'ExecuteReader' (2ms).
2026-02-23 16:32:03.788 +05:30 [DBG] Initialized DbCommand for 'ExecuteReader' (7ms).
2026-02-23 16:32:03.792 +05:30 [DBG] Executing DbCommand [Parameters=[], CommandType='"Text"', CommandTimeout='30']
SELECT [MigrationId], [ProductVersion]
FROM [__EFMigrationsHistory]
ORDER BY [MigrationId];
2026-02-23 16:32:03.912 +05:30 [INF] Executed DbCommand (120ms) [Parameters=[], CommandType='"Text"', CommandTimeout='30']
SELECT [MigrationId], [ProductVersion]
FROM [__EFMigrationsHistory]
ORDER BY [MigrationId];
2026-02-23 16:32:03.945 +05:30 [DBG] Closing data reader to 'TorqueDB' on server 'KIL-HP-H036'.
2026-02-23 16:32:03.958 +05:30 [DBG] A data reader for 'TorqueDB' on server 'KIL-HP-H036' is being disposed after spending 27ms reading results.
2026-02-23 16:32:03.974 +05:30 [INF] No migrations were applied. The database is already up to date.
2026-02-23 16:32:03.979 +05:30 [DBG] Committing transaction.
2026-02-23 16:32:03.982 +05:30 [DBG] Committed transaction.
2026-02-23 16:32:03.987 +05:30 [DBG] Creating DbCommand for 'ExecuteScalar'.
2026-02-23 16:32:03.998 +05:30 [DBG] Created DbCommand for 'ExecuteScalar' (11ms).
2026-02-23 16:32:04.007 +05:30 [DBG] Initialized DbCommand for 'ExecuteScalar' (19ms).
2026-02-23 16:32:04.017 +05:30 [DBG] Executing DbCommand [Parameters=[], CommandType='"Text"', CommandTimeout='30']
DECLARE @result int;
EXEC @result = sp_releaseapplock @Resource = '__EFMigrationsLock', @LockOwner = 'Session';
SELECT @result
2026-02-23 16:32:04.036 +05:30 [INF] Executed DbCommand (19ms) [Parameters=[], CommandType='"Text"', CommandTimeout='30']
DECLARE @result int;
EXEC @result = sp_releaseapplock @Resource = '__EFMigrationsLock', @LockOwner = 'Session';
SELECT @result
2026-02-23 16:32:04.047 +05:30 [DBG] Disposing transaction.
2026-02-23 16:32:04.052 +05:30 [DBG] Closing connection to database 'TorqueDB' on server 'KIL-HP-H036'.
2026-02-23 16:32:04.062 +05:30 [DBG] Closed connection to database 'TorqueDB' on server 'KIL-HP-H036' (9ms).
2026-02-23 16:32:04.069 +05:30 [DBG] 'ApplicationDbContext' disposed.
2026-02-23 16:32:04.078 +05:30 [DBG] Disposing connection to database 'TorqueDB' on server 'KIL-HP-H036'.
2026-02-23 16:32:04.083 +05:30 [DBG] Disposed connection to database '' on server '' (4ms).
2026-02-23 16:32:04.136 +05:30 [DBG] Entity Framework Core 10.0.3 initialized 'ApplicationDbContext' using provider 'Microsoft.EntityFrameworkCore.SqlServer:10.0.3' with options: EngineType=SqlServer 
2026-02-23 16:32:04.434 +05:30 [DBG] Compiling query expression: 
'DbSet<IdentityRole<Guid>>()
    .FirstOrDefault(r => r.NormalizedName == @normalizedName)'
2026-02-23 16:32:04.986 +05:30 [DBG] Generated query execution expression: 
'queryContext => ShapedQueryCompilingExpressionVisitor.SingleOrDefaultAsync<IdentityRole<Guid>>(
    asyncEnumerable: SingleQueryingEnumerable.Create<IdentityRole<Guid>>(
        relationalQueryContext: (RelationalQueryContext)queryContext, 
        relationalCommandResolver: parameters => [LIFTABLE Constant: RelationalCommandCache.QueryExpression(
            Projection Mapping:
                EmptyProjectionMember -> Dictionary<IPropertyBase, int> { [Property: IdentityRole<Guid>.Id (Guid) Required PK AfterSave:Throw ValueGenerated.OnAdd, 0], [Property: IdentityRole<Guid>.ConcurrencyStamp (string) Concurrency, 1], [Property: IdentityRole<Guid>.Name (string) MaxLength(256), 2], [Property: IdentityRole<Guid>.NormalizedName (string) Index MaxLength(256), 3] }
            SELECT TOP(1) r.Id, r.ConcurrencyStamp, r.Name, r.NormalizedName
            FROM identity.Roles AS r
            WHERE r.NormalizedName == @normalizedName) | Resolver: c => new RelationalCommandCache(
            c.Dependencies.MemoryCache, 
            c.RelationalDependencies.QuerySqlGeneratorFactory, 
            c.RelationalDependencies.RelationalParameterBasedSqlProcessorFactory, 
            Projection Mapping:
                EmptyProjectionMember -> Dictionary<IPropertyBase, int> { [Property: IdentityRole<Guid>.Id (Guid) Required PK AfterSave:Throw ValueGenerated.OnAdd, 0], [Property: IdentityRole<Guid>.ConcurrencyStamp (string) Concurrency, 1], [Property: IdentityRole<Guid>.Name (string) MaxLength(256), 2], [Property: IdentityRole<Guid>.NormalizedName (string) Index MaxLength(256), 3] }
            SELECT TOP(1) r.Id, r.ConcurrencyStamp, r.Name, r.NormalizedName
            FROM identity.Roles AS r
            WHERE r.NormalizedName == @normalizedName, 
            False, 
            MultipleParameters
        )].GetRelationalCommandTemplate(parameters), 
        readerColumns: null, 
        shaper: (queryContext, dataReader, resultContext, resultCoordinator) => 
        {
            IdentityRole<Guid> entity;
            entity = 
            {
                MaterializationContext materializationContext1;
                IEntityType entityType1;
                IdentityRole<Guid> instance1;
                InternalEntityEntry entry1;
                bool hasNullKey1;
                materializationContext1 = new MaterializationContext(
                    [LIFTABLE Constant: ValueBuffer | Resolver: _ => (object)ValueBuffer.Empty], 
                    queryContext.Context
                );
                instance1 = default(IdentityRole<Guid>);
                entry1 = queryContext.TryGetEntry(
                    key: [LIFTABLE Constant: Key: IdentityRole<Guid>.Id PK | Resolver: c => c.Dependencies.Model.FindEntityType("Microsoft.AspNetCore.Identity.IdentityRole<System.Guid>").FindPrimaryKey()], 
                    keyValues: new object[]{ (object)dataReader.GetGuid(0) }, 
                    throwOnNullKey: True, 
                    hasNullKey: hasNullKey1);
                !(hasNullKey1) ? entry1 != default(InternalEntityEntry) ? 
                {
                    entityType1 = entry1.EntityType;
                    return instance1 = (IdentityRole<Guid>)entry1.Entity;
                } : 
                {
                    ISnapshot shadowSnapshot1;
                    shadowSnapshot1 = [LIFTABLE Constant: Snapshot | Resolver: _ => Snapshot.Empty];
                    entityType1 = [LIFTABLE Constant: EntityType: IdentityRole<Guid> | Resolver: namelessParameter{0} => namelessParameter{0}.Dependencies.Model.FindEntityType("Microsoft.AspNetCore.Identity.IdentityRole<System.Guid>")];
                    instance1 = switch (entityType1)
                    {
                        case [LIFTABLE Constant: EntityType: IdentityRole<Guid> | Resolver: namelessParameter{1} => namelessParameter{1}.Dependencies.Model.FindEntityType("Microsoft.AspNetCore.Identity.IdentityRole<System.Guid>")]: 
                            {
                                return 
                                {
                                    IdentityRole<Guid> instance;
                                    instance = new IdentityRole<Guid>();
                                    instance.<Id>k__BackingField = dataReader.GetGuid(0);
                                    instance.<ConcurrencyStamp>k__BackingField = dataReader.IsDBNull(1) ? default(string) : dataReader.GetString(1);
                                    instance.<Name>k__BackingField = dataReader.IsDBNull(2) ? default(string) : dataReader.GetString(2);
                                    instance.<NormalizedName>k__BackingField = dataReader.IsDBNull(3) ? default(string) : dataReader.GetString(3);
                                    (instance is IInjectableService) ? ((IInjectableService)instance).Injected(
                                        context: materializationContext1.Context, 
                                        entity: instance, 
                                        queryTrackingBehavior: TrackAll, 
                                        structuralType: [LIFTABLE Constant: EntityType: IdentityRole<Guid> | Resolver: namelessParameter{2} => namelessParameter{2}.Dependencies.Model.FindEntityType("Microsoft.AspNetCore.Identity.IdentityRole<System.Guid>")]) : default(void);
                                    return instance;
                                }}
                        default: 
                            default(IdentityRole<Guid>)
                    }
                    ;
                    entry1 = entityType1 == default(IEntityType) ? default(InternalEntityEntry) : queryContext.StartTracking(
                        entityType: entityType1, 
                        entity: instance1, 
                        snapshot: shadowSnapshot1);
                    return instance1;
                } : default(void);
                return instance1;
            };
            return entity;
        }, 
        contextType: PlatformServiceTemplate.Infrastructure.Persistence.ApplicationDbContext, 
        standAloneStateManager: False, 
        detailedErrorsEnabled: False, 
        threadSafetyChecksEnabled: True), 
    cancellationToken: queryContext.CancellationToken)'
2026-02-23 16:32:05.074 +05:30 [DBG] Creating DbConnection.
2026-02-23 16:32:05.077 +05:30 [DBG] Created DbConnection. (2ms).
2026-02-23 16:32:05.081 +05:30 [DBG] Opening connection to database 'TorqueDB' on server 'KIL-HP-H036'.
2026-02-23 16:32:05.085 +05:30 [DBG] Opened connection to database 'TorqueDB' on server 'KIL-HP-H036'.
2026-02-23 16:32:05.088 +05:30 [DBG] Creating DbCommand for 'ExecuteReader'.
2026-02-23 16:32:05.091 +05:30 [DBG] Created DbCommand for 'ExecuteReader' (2ms).
2026-02-23 16:32:05.101 +05:30 [DBG] Initialized DbCommand for 'ExecuteReader' (12ms).
2026-02-23 16:32:05.109 +05:30 [DBG] Executing DbCommand [Parameters=[@normalizedName='?' (Size = 256)], CommandType='"Text"', CommandTimeout='30']
SELECT TOP(1) [r].[Id], [r].[ConcurrencyStamp], [r].[Name], [r].[NormalizedName]
FROM [identity].[Roles] AS [r]
WHERE [r].[NormalizedName] = @normalizedName
2026-02-23 16:32:05.198 +05:30 [INF] Executed DbCommand (93ms) [Parameters=[@normalizedName='?' (Size = 256)], CommandType='"Text"', CommandTimeout='30']
SELECT TOP(1) [r].[Id], [r].[ConcurrencyStamp], [r].[Name], [r].[NormalizedName]
FROM [identity].[Roles] AS [r]
WHERE [r].[NormalizedName] = @normalizedName
2026-02-23 16:32:05.208 +05:30 [DBG] Closing data reader to 'TorqueDB' on server 'KIL-HP-H036'.
2026-02-23 16:32:05.213 +05:30 [DBG] A data reader for 'TorqueDB' on server 'KIL-HP-H036' is being disposed after spending 9ms reading results.
2026-02-23 16:32:05.218 +05:30 [DBG] Closing connection to database 'TorqueDB' on server 'KIL-HP-H036'.
2026-02-23 16:32:05.221 +05:30 [DBG] Closed connection to database 'TorqueDB' on server 'KIL-HP-H036' (3ms).
2026-02-23 16:32:05.239 +05:30 [DBG] Opening connection to database 'TorqueDB' on server 'KIL-HP-H036'.
2026-02-23 16:32:05.244 +05:30 [DBG] Opened connection to database 'TorqueDB' on server 'KIL-HP-H036'.
2026-02-23 16:32:05.247 +05:30 [DBG] Creating DbCommand for 'ExecuteReader'.
2026-02-23 16:32:05.249 +05:30 [DBG] Created DbCommand for 'ExecuteReader' (2ms).
2026-02-23 16:32:05.252 +05:30 [DBG] Initialized DbCommand for 'ExecuteReader' (5ms).
2026-02-23 16:32:05.256 +05:30 [DBG] Executing DbCommand [Parameters=[@normalizedName='?' (Size = 256)], CommandType='"Text"', CommandTimeout='30']
SELECT TOP(1) [r].[Id], [r].[ConcurrencyStamp], [r].[Name], [r].[NormalizedName]
FROM [identity].[Roles] AS [r]
WHERE [r].[NormalizedName] = @normalizedName
2026-02-23 16:32:05.274 +05:30 [INF] Executed DbCommand (18ms) [Parameters=[@normalizedName='?' (Size = 256)], CommandType='"Text"', CommandTimeout='30']
SELECT TOP(1) [r].[Id], [r].[ConcurrencyStamp], [r].[Name], [r].[NormalizedName]
FROM [identity].[Roles] AS [r]
WHERE [r].[NormalizedName] = @normalizedName
2026-02-23 16:32:05.282 +05:30 [DBG] Closing data reader to 'TorqueDB' on server 'KIL-HP-H036'.
2026-02-23 16:32:05.285 +05:30 [DBG] A data reader for 'TorqueDB' on server 'KIL-HP-H036' is being disposed after spending 3ms reading results.
2026-02-23 16:32:05.290 +05:30 [DBG] Closing connection to database 'TorqueDB' on server 'KIL-HP-H036'.
2026-02-23 16:32:05.293 +05:30 [DBG] Closed connection to database 'TorqueDB' on server 'KIL-HP-H036' (3ms).
2026-02-23 16:32:05.362 +05:30 [DBG] 'ApplicationDbContext' generated a value for the property 'IdentityRole.Id'. Consider using 'DbContextOptionsBuilder.EnableSensitiveDataLogging' to see key values.
2026-02-23 16:32:05.466 +05:30 [DBG] Context 'ApplicationDbContext' started tracking 'IdentityRole' entity. Consider using 'DbContextOptionsBuilder.EnableSensitiveDataLogging' to see key values.
2026-02-23 16:32:05.479 +05:30 [DBG] SaveChanges starting for 'ApplicationDbContext'.
2026-02-23 16:32:05.489 +05:30 [DBG] DetectChanges starting for 'ApplicationDbContext'.
2026-02-23 16:32:05.517 +05:30 [DBG] DetectChanges completed for 'ApplicationDbContext'.
2026-02-23 16:32:05.627 +05:30 [DBG] Opening connection to database 'TorqueDB' on server 'KIL-HP-H036'.
2026-02-23 16:32:05.632 +05:30 [DBG] Opened connection to database 'TorqueDB' on server 'KIL-HP-H036'.
2026-02-23 16:32:05.638 +05:30 [DBG] Creating DbCommand for 'ExecuteReader'.
2026-02-23 16:32:05.640 +05:30 [DBG] Created DbCommand for 'ExecuteReader' (2ms).
2026-02-23 16:32:05.643 +05:30 [DBG] Initialized DbCommand for 'ExecuteReader' (4ms).
2026-02-23 16:32:05.647 +05:30 [DBG] Executing DbCommand [Parameters=[@p0='?' (DbType = Guid), @p1='?' (Size = 4000), @p2='?' (Size = 256), @p3='?' (Size = 256)], CommandType='"Text"', CommandTimeout='30']
SET IMPLICIT_TRANSACTIONS OFF;
SET NOCOUNT ON;
INSERT INTO [identity].[Roles] ([Id], [ConcurrencyStamp], [Name], [NormalizedName])
VALUES (@p0, @p1, @p2, @p3);
2026-02-23 16:32:05.681 +05:30 [INF] Executed DbCommand (35ms) [Parameters=[@p0='?' (DbType = Guid), @p1='?' (Size = 4000), @p2='?' (Size = 256), @p3='?' (Size = 256)], CommandType='"Text"', CommandTimeout='30']
SET IMPLICIT_TRANSACTIONS OFF;
SET NOCOUNT ON;
INSERT INTO [identity].[Roles] ([Id], [ConcurrencyStamp], [Name], [NormalizedName])
VALUES (@p0, @p1, @p2, @p3);
2026-02-23 16:32:05.689 +05:30 [DBG] Closing data reader to 'TorqueDB' on server 'KIL-HP-H036'.
2026-02-23 16:32:05.692 +05:30 [DBG] A data reader for 'TorqueDB' on server 'KIL-HP-H036' is being disposed after spending 7ms reading results.
2026-02-23 16:32:05.698 +05:30 [DBG] Closing connection to database 'TorqueDB' on server 'KIL-HP-H036'.
2026-02-23 16:32:05.701 +05:30 [DBG] Closed connection to database 'TorqueDB' on server 'KIL-HP-H036' (3ms).
2026-02-23 16:32:05.720 +05:30 [DBG] An entity of type 'IdentityRole' tracked by 'ApplicationDbContext' changed state from '"Added"' to '"Unchanged"'. Consider using 'DbContextOptionsBuilder.EnableSensitiveDataLogging' to see key values.
2026-02-23 16:32:05.728 +05:30 [DBG] SaveChanges completed for 'ApplicationDbContext' with 1 entities written to the database.
2026-02-23 16:32:05.734 +05:30 [DBG] Opening connection to database 'TorqueDB' on server 'KIL-HP-H036'.
2026-02-23 16:32:05.738 +05:30 [DBG] Opened connection to database 'TorqueDB' on server 'KIL-HP-H036'.
2026-02-23 16:32:05.741 +05:30 [DBG] Creating DbCommand for 'ExecuteReader'.
2026-02-23 16:32:05.743 +05:30 [DBG] Created DbCommand for 'ExecuteReader' (2ms).
2026-02-23 16:32:05.746 +05:30 [DBG] Initialized DbCommand for 'ExecuteReader' (5ms).
2026-02-23 16:32:05.750 +05:30 [DBG] Executing DbCommand [Parameters=[@normalizedName='?' (Size = 256)], CommandType='"Text"', CommandTimeout='30']
SELECT TOP(1) [r].[Id], [r].[ConcurrencyStamp], [r].[Name], [r].[NormalizedName]
FROM [identity].[Roles] AS [r]
WHERE [r].[NormalizedName] = @normalizedName
2026-02-23 16:32:05.794 +05:30 [INF] Executed DbCommand (44ms) [Parameters=[@normalizedName='?' (Size = 256)], CommandType='"Text"', CommandTimeout='30']
SELECT TOP(1) [r].[Id], [r].[ConcurrencyStamp], [r].[Name], [r].[NormalizedName]
FROM [identity].[Roles] AS [r]
WHERE [r].[NormalizedName] = @normalizedName
2026-02-23 16:32:05.799 +05:30 [DBG] Closing data reader to 'TorqueDB' on server 'KIL-HP-H036'.
2026-02-23 16:32:05.802 +05:30 [DBG] A data reader for 'TorqueDB' on server 'KIL-HP-H036' is being disposed after spending 3ms reading results.
2026-02-23 16:32:05.805 +05:30 [DBG] Closing connection to database 'TorqueDB' on server 'KIL-HP-H036'.
2026-02-23 16:32:05.809 +05:30 [DBG] Closed connection to database 'TorqueDB' on server 'KIL-HP-H036' (3ms).
2026-02-23 16:32:05.813 +05:30 [DBG] Opening connection to database 'TorqueDB' on server 'KIL-HP-H036'.
2026-02-23 16:32:05.816 +05:30 [DBG] Opened connection to database 'TorqueDB' on server 'KIL-HP-H036'.
2026-02-23 16:32:05.818 +05:30 [DBG] Creating DbCommand for 'ExecuteReader'.
2026-02-23 16:32:05.821 +05:30 [DBG] Created DbCommand for 'ExecuteReader' (2ms).
2026-02-23 16:32:05.824 +05:30 [DBG] Initialized DbCommand for 'ExecuteReader' (5ms).
2026-02-23 16:32:05.827 +05:30 [DBG] Executing DbCommand [Parameters=[@normalizedName='?' (Size = 256)], CommandType='"Text"', CommandTimeout='30']
SELECT TOP(1) [r].[Id], [r].[ConcurrencyStamp], [r].[Name], [r].[NormalizedName]
FROM [identity].[Roles] AS [r]
WHERE [r].[NormalizedName] = @normalizedName
2026-02-23 16:32:05.844 +05:30 [INF] Executed DbCommand (17ms) [Parameters=[@normalizedName='?' (Size = 256)], CommandType='"Text"', CommandTimeout='30']
SELECT TOP(1) [r].[Id], [r].[ConcurrencyStamp], [r].[Name], [r].[NormalizedName]
FROM [identity].[Roles] AS [r]
WHERE [r].[NormalizedName] = @normalizedName
2026-02-23 16:32:05.849 +05:30 [DBG] Closing data reader to 'TorqueDB' on server 'KIL-HP-H036'.
2026-02-23 16:32:05.852 +05:30 [DBG] A data reader for 'TorqueDB' on server 'KIL-HP-H036' is being disposed after spending 3ms reading results.
2026-02-23 16:32:05.855 +05:30 [DBG] Closing connection to database 'TorqueDB' on server 'KIL-HP-H036'.
2026-02-23 16:32:05.858 +05:30 [DBG] Closed connection to database 'TorqueDB' on server 'KIL-HP-H036' (2ms).
2026-02-23 16:32:05.863 +05:30 [DBG] 'ApplicationDbContext' generated a value for the property 'IdentityRole.Id'. Consider using 'DbContextOptionsBuilder.EnableSensitiveDataLogging' to see key values.
2026-02-23 16:32:05.868 +05:30 [DBG] Context 'ApplicationDbContext' started tracking 'IdentityRole' entity. Consider using 'DbContextOptionsBuilder.EnableSensitiveDataLogging' to see key values.
2026-02-23 16:32:05.870 +05:30 [DBG] SaveChanges starting for 'ApplicationDbContext'.
2026-02-23 16:32:05.872 +05:30 [DBG] DetectChanges starting for 'ApplicationDbContext'.
2026-02-23 16:32:05.877 +05:30 [DBG] DetectChanges completed for 'ApplicationDbContext'.
2026-02-23 16:32:05.881 +05:30 [DBG] Opening connection to database 'TorqueDB' on server 'KIL-HP-H036'.
2026-02-23 16:32:05.884 +05:30 [DBG] Opened connection to database 'TorqueDB' on server 'KIL-HP-H036'.
2026-02-23 16:32:05.887 +05:30 [DBG] Creating DbCommand for 'ExecuteReader'.
2026-02-23 16:32:05.890 +05:30 [DBG] Created DbCommand for 'ExecuteReader' (3ms).
2026-02-23 16:32:05.893 +05:30 [DBG] Initialized DbCommand for 'ExecuteReader' (6ms).
2026-02-23 16:32:05.897 +05:30 [DBG] Executing DbCommand [Parameters=[@p0='?' (DbType = Guid), @p1='?' (Size = 4000), @p2='?' (Size = 256), @p3='?' (Size = 256)], CommandType='"Text"', CommandTimeout='30']
SET IMPLICIT_TRANSACTIONS OFF;
SET NOCOUNT ON;
INSERT INTO [identity].[Roles] ([Id], [ConcurrencyStamp], [Name], [NormalizedName])
VALUES (@p0, @p1, @p2, @p3);
2026-02-23 16:32:05.907 +05:30 [INF] Executed DbCommand (10ms) [Parameters=[@p0='?' (DbType = Guid), @p1='?' (Size = 4000), @p2='?' (Size = 256), @p3='?' (Size = 256)], CommandType='"Text"', CommandTimeout='30']
SET IMPLICIT_TRANSACTIONS OFF;
SET NOCOUNT ON;
INSERT INTO [identity].[Roles] ([Id], [ConcurrencyStamp], [Name], [NormalizedName])
VALUES (@p0, @p1, @p2, @p3);
2026-02-23 16:32:05.911 +05:30 [DBG] Closing data reader to 'TorqueDB' on server 'KIL-HP-H036'.
2026-02-23 16:32:05.913 +05:30 [DBG] A data reader for 'TorqueDB' on server 'KIL-HP-H036' is being disposed after spending 2ms reading results.
2026-02-23 16:32:05.917 +05:30 [DBG] Closing connection to database 'TorqueDB' on server 'KIL-HP-H036'.
2026-02-23 16:32:05.919 +05:30 [DBG] Closed connection to database 'TorqueDB' on server 'KIL-HP-H036' (2ms).
2026-02-23 16:32:05.922 +05:30 [DBG] An entity of type 'IdentityRole' tracked by 'ApplicationDbContext' changed state from '"Added"' to '"Unchanged"'. Consider using 'DbContextOptionsBuilder.EnableSensitiveDataLogging' to see key values.
2026-02-23 16:32:05.925 +05:30 [DBG] SaveChanges completed for 'ApplicationDbContext' with 1 entities written to the database.
2026-02-23 16:32:05.929 +05:30 [DBG] 'ApplicationDbContext' disposed.
2026-02-23 16:32:05.931 +05:30 [DBG] Disposing connection to database 'TorqueDB' on server 'KIL-HP-H036'.
2026-02-23 16:32:05.933 +05:30 [DBG] Disposed connection to database '' on server '' (2ms).
2026-02-23 16:32:06.036 +05:30 [DBG] Registered model binder providers, in the following order: ["Microsoft.AspNetCore.Mvc.ModelBinding.Binders.BinderTypeModelBinderProvider","Microsoft.AspNetCore.Mvc.ModelBinding.Binders.ServicesModelBinderProvider","Microsoft.AspNetCore.Mvc.ModelBinding.Binders.BodyModelBinderProvider","Microsoft.AspNetCore.Mvc.ModelBinding.Binders.HeaderModelBinderProvider","Microsoft.AspNetCore.Mvc.ModelBinding.Binders.FloatingPointTypeModelBinderProvider","Microsoft.AspNetCore.Mvc.ModelBinding.Binders.EnumTypeModelBinderProvider","Microsoft.AspNetCore.Mvc.ModelBinding.Binders.DateTimeModelBinderProvider","Microsoft.AspNetCore.Mvc.ModelBinding.Binders.SimpleTypeModelBinderProvider","Microsoft.AspNetCore.Mvc.ModelBinding.Binders.TryParseModelBinderProvider","Microsoft.AspNetCore.Mvc.ModelBinding.Binders.CancellationTokenModelBinderProvider","Microsoft.AspNetCore.Mvc.ModelBinding.Binders.ByteArrayModelBinderProvider","Microsoft.AspNetCore.Mvc.ModelBinding.Binders.FormFileModelBinderProvider","Microsoft.AspNetCore.Mvc.ModelBinding.Binders.FormCollectionModelBinderProvider","Microsoft.AspNetCore.Mvc.ModelBinding.Binders.KeyValuePairModelBinderProvider","Microsoft.AspNetCore.Mvc.ModelBinding.Binders.DictionaryModelBinderProvider","Microsoft.AspNetCore.Mvc.ModelBinding.Binders.ArrayModelBinderProvider","Microsoft.AspNetCore.Mvc.ModelBinding.Binders.CollectionModelBinderProvider","Microsoft.AspNetCore.Mvc.ModelBinding.Binders.ComplexObjectModelBinderProvider"]
2026-02-23 16:32:06.198 +05:30 [DBG] Hosting starting
2026-02-23 16:32:06.250 +05:30 [INF] User profile is available. Using 'C:\Users\kinic\AppData\Local\ASP.NET\DataProtection-Keys' as key repository and Windows DPAPI to encrypt keys at rest.
2026-02-23 16:32:06.475 +05:30 [DBG] Reading data from file 'C:\Users\kinic\AppData\Local\ASP.NET\DataProtection-Keys\key-35e0b286-afe3-4aa8-8614-88eaf7af917e.xml'.
2026-02-23 16:32:06.486 +05:30 [DBG] Reading data from file 'C:\Users\kinic\AppData\Local\ASP.NET\DataProtection-Keys\key-38e7b8ab-774e-4635-9730-07745de3d281.xml'.
2026-02-23 16:32:06.491 +05:30 [DBG] Reading data from file 'C:\Users\kinic\AppData\Local\ASP.NET\DataProtection-Keys\key-46f69378-ca55-475f-aaf6-1726538af730.xml'.
2026-02-23 16:32:06.498 +05:30 [DBG] Reading data from file 'C:\Users\kinic\AppData\Local\ASP.NET\DataProtection-Keys\key-87e1a3ff-a150-428b-846c-dc318ee624ae.xml'.
2026-02-23 16:32:06.508 +05:30 [DBG] Found key {35e0b286-afe3-4aa8-8614-88eaf7af917e}.
2026-02-23 16:32:06.532 +05:30 [DBG] Found key {38e7b8ab-774e-4635-9730-07745de3d281}.
2026-02-23 16:32:06.535 +05:30 [DBG] Found key {46f69378-ca55-475f-aaf6-1726538af730}.
2026-02-23 16:32:06.537 +05:30 [DBG] Found key {87e1a3ff-a150-428b-846c-dc318ee624ae}.
2026-02-23 16:32:06.554 +05:30 [DBG] Considering key {38e7b8ab-774e-4635-9730-07745de3d281} with expiration date 2026-04-27 09:21:44Z as default key.
2026-02-23 16:32:06.563 +05:30 [DBG] Forwarded activator type request from Microsoft.AspNetCore.DataProtection.XmlEncryption.DpapiXmlDecryptor, Microsoft.AspNetCore.DataProtection, Version=8.0.0.0, Culture=neutral, PublicKeyToken=adb9793829ddae60 to Microsoft.AspNetCore.DataProtection.XmlEncryption.DpapiXmlDecryptor, Microsoft.AspNetCore.DataProtection, Culture=neutral, PublicKeyToken=adb9793829ddae60
2026-02-23 16:32:06.588 +05:30 [DBG] Decrypting secret element using Windows DPAPI.
2026-02-23 16:32:06.598 +05:30 [DBG] Forwarded activator type request from Microsoft.AspNetCore.DataProtection.AuthenticatedEncryption.ConfigurationModel.AuthenticatedEncryptorDescriptorDeserializer, Microsoft.AspNetCore.DataProtection, Version=8.0.0.0, Culture=neutral, PublicKeyToken=adb9793829ddae60 to Microsoft.AspNetCore.DataProtection.AuthenticatedEncryption.ConfigurationModel.AuthenticatedEncryptorDescriptorDeserializer, Microsoft.AspNetCore.DataProtection, Culture=neutral, PublicKeyToken=adb9793829ddae60
2026-02-23 16:32:06.609 +05:30 [DBG] Opening CNG algorithm 'AES' from provider 'null' with chaining mode CBC.
2026-02-23 16:32:06.622 +05:30 [DBG] Opening CNG algorithm 'SHA256' from provider 'null' with HMAC.
2026-02-23 16:32:06.634 +05:30 [DBG] Using key {38e7b8ab-774e-4635-9730-07745de3d281} as the default key.
2026-02-23 16:32:06.638 +05:30 [DBG] Key ring with default key {38e7b8ab-774e-4635-9730-07745de3d281} was loaded during application startup.
2026-02-23 16:32:06.664 +05:30 [DBG] Middleware loaded
2026-02-23 16:32:06.673 +05:30 [DBG] Middleware loaded. Script /_framework/aspnetcore-browser-refresh.js (16539 B).
2026-02-23 16:32:06.679 +05:30 [DBG] Middleware loaded. Script /_framework/blazor-hotreload.js (799 B).
2026-02-23 16:32:06.883 +05:30 [DBG] Middleware configuration started with options: {AllowedHosts = *, AllowEmptyHosts = True, IncludeFailureMessage = True}
2026-02-23 16:32:06.889 +05:30 [DBG] Wildcard detected, all requests with hosts will be allowed.
2026-02-23 16:32:06.896 +05:30 [DBG] Middleware loaded: DOTNET_MODIFIABLE_ASSEMBLIES=debug, __ASPNETCORE_BROWSER_TOOLS=true
2026-02-23 16:32:07.202 +05:30 [INF] Now listening on: https://localhost:7258
2026-02-23 16:32:07.204 +05:30 [INF] Now listening on: http://localhost:5140
2026-02-23 16:32:07.206 +05:30 [DBG] Loaded hosting startup assembly PlatformServiceTemplate.Api
2026-02-23 16:32:07.210 +05:30 [DBG] Loaded hosting startup assembly Microsoft.AspNetCore.Watch.BrowserRefresh
2026-02-23 16:32:07.212 +05:30 [DBG] Loaded hosting startup assembly Microsoft.WebTools.ApiEndpointDiscovery
2026-02-23 16:32:07.215 +05:30 [DBG] Loaded hosting startup assembly Microsoft.WebTools.BrowserLink.Net
2026-02-23 16:32:07.230 +05:30 [DBG] Executing API description provider 'EndpointMetadataApiDescriptionProvider' from assembly Microsoft.AspNetCore.Mvc.ApiExplorer v10.0.0.0.
2026-02-23 16:32:07.236 +05:30 [DBG] Executing API description provider 'DefaultApiDescriptionProvider' from assembly Microsoft.AspNetCore.Mvc.ApiExplorer v10.0.0.0.
2026-02-23 16:32:07.293 +05:30 [DBG] Connection id "0HNJIPBU2ONUG" accepted.
2026-02-23 16:32:07.293 +05:30 [DBG] Connection id "0HNJIPBU2ONUF" accepted.
2026-02-23 16:32:07.299 +05:30 [DBG] Connection id "0HNJIPBU2ONUG" started.
2026-02-23 16:32:07.302 +05:30 [DBG] Connection id "0HNJIPBU2ONUF" started.
2026-02-23 16:32:07.307 +05:30 [DBG] Connection id "0HNJIPBU2ONUG" received FIN.
2026-02-23 16:32:07.307 +05:30 [DBG] Connection id "0HNJIPBU2ONUF" received FIN.
2026-02-23 16:32:07.340 +05:30 [DBG] Failed to authenticate HTTPS connection.
System.IO.IOException: Received an unexpected EOF or 0 bytes from the transport stream.
   at System.Net.Security.SslStream.ReceiveHandshakeFrameAsync[TIOAdapter](CancellationToken cancellationToken)
   at System.Net.Security.SslStream.ForceAuthenticationAsync[TIOAdapter](Boolean receiveFirst, Byte[] reAuthenticationData, CancellationToken cancellationToken)
   at System.Net.Security.SslStream.ProcessAuthenticationWithTelemetryAsync(Boolean isAsync, CancellationToken cancellationToken)
   at Microsoft.AspNetCore.Server.Kestrel.Https.Internal.HttpsConnectionMiddleware.OnConnectionAsync(ConnectionContext context)
2026-02-23 16:32:07.340 +05:30 [DBG] Failed to authenticate HTTPS connection.
System.IO.IOException: Received an unexpected EOF or 0 bytes from the transport stream.
   at System.Net.Security.SslStream.ReceiveHandshakeFrameAsync[TIOAdapter](CancellationToken cancellationToken)
   at System.Net.Security.SslStream.ForceAuthenticationAsync[TIOAdapter](Boolean receiveFirst, Byte[] reAuthenticationData, CancellationToken cancellationToken)
   at System.Net.Security.SslStream.ProcessAuthenticationWithTelemetryAsync(Boolean isAsync, CancellationToken cancellationToken)
   at Microsoft.AspNetCore.Server.Kestrel.Https.Internal.HttpsConnectionMiddleware.OnConnectionAsync(ConnectionContext context)
2026-02-23 16:32:07.389 +05:30 [DBG] Connection id "0HNJIPBU2ONUG" stopped.
2026-02-23 16:32:07.389 +05:30 [DBG] Connection id "0HNJIPBU2ONUF" stopped.
2026-02-23 16:32:07.399 +05:30 [DBG] Connection id "0HNJIPBU2ONUF" sending FIN because: "The Socket transport's send loop completed gracefully."
2026-02-23 16:32:07.399 +05:30 [DBG] Connection id "0HNJIPBU2ONUG" sending FIN because: "The Socket transport's send loop completed gracefully."
2026-02-23 16:32:07.763 +05:30 [INF] Application started. Press Ctrl+C to shut down.
2026-02-23 16:32:07.767 +05:30 [INF] Hosting environment: Development
2026-02-23 16:32:07.770 +05:30 [INF] Content root path: D:\Personal Space\Codex Created Project\application\src\PlatformServiceTemplate.Api
2026-02-23 16:32:07.779 +05:30 [DBG] Hosting started
2026-02-23 16:32:08.261 +05:30 [DBG] Connection id "0HNJIPBU2ONUH" accepted.
2026-02-23 16:32:08.264 +05:30 [DBG] Connection id "0HNJIPBU2ONUH" started.
2026-02-23 16:32:08.402 +05:30 [DBG] Connection 0HNJIPBU2ONUH established using the following protocol: "Tls13"
2026-02-23 16:32:08.661 +05:30 [INF] Request starting HTTP/2 GET https://localhost:7258/_vs/browserLink - null null
2026-02-23 16:32:08.661 +05:30 [INF] Request starting HTTP/2 GET https://localhost:7258/_framework/aspnetcore-browser-refresh.js - null null
2026-02-23 16:32:08.779 +05:30 [DBG] Script injected: /_framework/aspnetcore-browser-refresh.js
2026-02-23 16:32:08.799 +05:30 [INF] Request finished HTTP/2 GET https://localhost:7258/_framework/aspnetcore-browser-refresh.js - 200 16539 application/javascript; charset=utf-8 194.6071ms
2026-02-23 16:32:08.934 +05:30 [INF] Request finished HTTP/2 GET https://localhost:7258/_vs/browserLink - 200 null text/javascript; charset=UTF-8 331.2894ms
2026-02-23 16:32:09.208 +05:30 [INF] Request starting HTTP/2 GET https://localhost:7258/swagger/v1/swagger.json - null null
2026-02-23 16:32:09.293 +05:30 [DBG] No candidates found for the request path '/swagger/v1/swagger.json'
2026-02-23 16:32:09.304 +05:30 [DBG] Request did not match any endpoints
2026-02-23 16:32:09.322 +05:30 [INF] Request started GET /swagger/v1/swagger.json user=anonymous correlation=4719bf8ace754f7c9d6382b04c920290
2026-02-23 16:32:09.789 +05:30 [INF] Request completed GET /swagger/v1/swagger.json status=200 elapsedMs=471 user=anonymous correlation=4719bf8ace754f7c9d6382b04c920290
2026-02-23 16:32:09.799 +05:30 [INF] Request finished HTTP/2 GET https://localhost:7258/swagger/v1/swagger.json - 200 null application/json;charset=utf-8 592.1169ms
2026-02-23 16:32:38.674 +05:30 [DBG] Connection id "0HNJIPBU2ONUH" received FIN.
2026-02-23 16:32:38.731 +05:30 [DBG] Connection id "0HNJIPBU2ONUH" is closed. The last processed stream ID was 5.
2026-02-23 16:32:38.732 +05:30 [DBG] The connection queue processing loop for 0HNJIPBU2ONUH completed.
2026-02-23 16:32:38.735 +05:30 [DBG] Connection id "0HNJIPBU2ONUH" sending FIN because: "The Socket transport's send loop completed gracefully."
2026-02-23 16:32:38.748 +05:30 [DBG] Connection id "0HNJIPBU2ONUH" stopped.
2026-02-23 16:32:57.170 +05:30 [DBG] Connection id "0HNJIPBU2ONUI" accepted.
2026-02-23 16:32:57.172 +05:30 [DBG] Connection id "0HNJIPBU2ONUI" started.
2026-02-23 16:32:57.190 +05:30 [DBG] Connection 0HNJIPBU2ONUI established using the following protocol: "Tls13"
2026-02-23 16:32:57.198 +05:30 [INF] Request starting HTTP/2 POST https://localhost:7258/api/v1/auth/register - application/json 67
2026-02-23 16:32:57.218 +05:30 [DBG] 1 candidate(s) found for the request path '/api/v1/auth/register'
2026-02-23 16:32:57.236 +05:30 [DBG] Endpoint 'PlatformServiceTemplate.Api.Controllers.AuthController.Register (PlatformServiceTemplate.Api)' with route pattern 'api/v1/auth/register' is valid for the request path '/api/v1/auth/register'
2026-02-23 16:32:57.241 +05:30 [DBG] Request matched endpoint 'PlatformServiceTemplate.Api.Controllers.AuthController.Register (PlatformServiceTemplate.Api)'
2026-02-23 16:32:57.248 +05:30 [INF] Request started POST /api/v1/auth/register user=anonymous correlation=4efc6a54fc8c430ebf049e795b5005e9
2026-02-23 16:32:57.476 +05:30 [DBG] AuthenticationScheme: Bearer was not authenticated.
2026-02-23 16:32:57.488 +05:30 [INF] Executing endpoint 'PlatformServiceTemplate.Api.Controllers.AuthController.Register (PlatformServiceTemplate.Api)'
2026-02-23 16:32:57.572 +05:30 [INF] Route matched with {action = "Register", controller = "Auth"}. Executing controller action with signature System.Threading.Tasks.Task`1[Microsoft.AspNetCore.Mvc.IActionResult] Register(PlatformServiceTemplate.Api.Contracts.Auth.RegisterRequest, System.Threading.CancellationToken) on controller PlatformServiceTemplate.Api.Controllers.AuthController (PlatformServiceTemplate.Api).
2026-02-23 16:32:57.581 +05:30 [DBG] Execution plan of authorization filters (in the following order): ["None"]
2026-02-23 16:32:57.588 +05:30 [DBG] Execution plan of resource filters (in the following order): ["None"]
2026-02-23 16:32:57.593 +05:30 [DBG] Execution plan of action filters (in the following order): ["Microsoft.AspNetCore.Mvc.ModelBinding.UnsupportedContentTypeFilter (Order: -3000)","Microsoft.AspNetCore.Mvc.Infrastructure.ModelStateInvalidFilter (Order: -2000)"]
2026-02-23 16:32:57.602 +05:30 [DBG] Execution plan of exception filters (in the following order): ["None"]
2026-02-23 16:32:57.607 +05:30 [DBG] Execution plan of result filters (in the following order): ["Microsoft.AspNetCore.Mvc.Infrastructure.ClientErrorResultFilter (Order: -2000)"]
2026-02-23 16:32:57.619 +05:30 [DBG] Executing controller factory for controller PlatformServiceTemplate.Api.Controllers.AuthController (PlatformServiceTemplate.Api)
2026-02-23 16:32:57.681 +05:30 [DBG] Executed controller factory for controller PlatformServiceTemplate.Api.Controllers.AuthController (PlatformServiceTemplate.Api)
2026-02-23 16:32:57.719 +05:30 [DBG] Attempting to bind parameter 'request' of type 'PlatformServiceTemplate.Api.Contracts.Auth.RegisterRequest' ...
2026-02-23 16:32:57.749 +05:30 [DBG] Attempting to bind parameter 'request' of type 'PlatformServiceTemplate.Api.Contracts.Auth.RegisterRequest' using the name '' in request data ...
2026-02-23 16:32:57.767 +05:30 [DBG] Selected input formatter 'Microsoft.AspNetCore.Mvc.Formatters.SystemTextJsonInputFormatter' for content type 'application/json'.
2026-02-23 16:32:57.788 +05:30 [DBG] Connection id "0HNJIPBU2ONUI", Request id "4efc6a54fc8c430ebf049e795b5005e9": started reading request body.
2026-02-23 16:32:57.801 +05:30 [DBG] Connection id "0HNJIPBU2ONUI", Request id "4efc6a54fc8c430ebf049e795b5005e9": done reading request body.
2026-02-23 16:32:57.828 +05:30 [DBG] JSON input formatter succeeded, deserializing to type 'PlatformServiceTemplate.Api.Contracts.Auth.RegisterRequest'
2026-02-23 16:32:57.839 +05:30 [DBG] Done attempting to bind parameter 'request' of type 'PlatformServiceTemplate.Api.Contracts.Auth.RegisterRequest'.
2026-02-23 16:32:57.843 +05:30 [DBG] Done attempting to bind parameter 'request' of type 'PlatformServiceTemplate.Api.Contracts.Auth.RegisterRequest'.
2026-02-23 16:32:57.852 +05:30 [DBG] Attempting to validate the bound parameter 'request' of type 'PlatformServiceTemplate.Api.Contracts.Auth.RegisterRequest' ...
2026-02-23 16:32:57.882 +05:30 [DBG] Done attempting to validate the bound parameter 'request' of type 'PlatformServiceTemplate.Api.Contracts.Auth.RegisterRequest'.
2026-02-23 16:32:57.888 +05:30 [DBG] Attempting to bind parameter 'cancellationToken' of type 'System.Threading.CancellationToken' ...
2026-02-23 16:32:57.892 +05:30 [DBG] Done attempting to bind parameter 'cancellationToken' of type 'System.Threading.CancellationToken'.
2026-02-23 16:32:57.895 +05:30 [DBG] Attempting to validate the bound parameter 'cancellationToken' of type 'System.Threading.CancellationToken' ...
2026-02-23 16:32:57.905 +05:30 [DBG] Done attempting to validate the bound parameter 'cancellationToken' of type 'System.Threading.CancellationToken'.
2026-02-23 16:32:57.923 +05:30 [INF] Executing action method PlatformServiceTemplate.Api.Controllers.AuthController.Register (PlatformServiceTemplate.Api) - Validation state: "Valid"
2026-02-23 16:32:58.315 +05:30 [DBG] Entity Framework Core 10.0.3 initialized 'ApplicationDbContext' using provider 'Microsoft.EntityFrameworkCore.SqlServer:10.0.3' with options: EngineType=SqlServer 
2026-02-23 16:32:58.325 +05:30 [DBG] Compiling query expression: 
'DbSet<ApplicationUser>()
    .FirstOrDefault(u => u.NormalizedUserName == @normalizedUserName)'
2026-02-23 16:32:58.359 +05:30 [DBG] Generated query execution expression: 
'queryContext => ShapedQueryCompilingExpressionVisitor.SingleOrDefaultAsync<ApplicationUser>(
    asyncEnumerable: SingleQueryingEnumerable.Create<ApplicationUser>(
        relationalQueryContext: (RelationalQueryContext)queryContext, 
        relationalCommandResolver: parameters => [LIFTABLE Constant: RelationalCommandCache.QueryExpression(
            Projection Mapping:
                EmptyProjectionMember -> Dictionary<IPropertyBase, int> { [Property: ApplicationUser.Id (Guid) Required PK AfterSave:Throw ValueGenerated.OnAdd, 0], [Property: ApplicationUser.AccessFailedCount (int) Required, 1], [Property: ApplicationUser.ConcurrencyStamp (string) Concurrency, 2], [Property: ApplicationUser.Email (string) MaxLength(256), 3], [Property: ApplicationUser.EmailConfirmed (bool) Required, 4], [Property: ApplicationUser.LockoutEnabled (bool) Required, 5], [Property: ApplicationUser.LockoutEnd (DateTimeOffset?), 6], [Property: ApplicationUser.NormalizedEmail (string) Index MaxLength(256), 7], [Property: ApplicationUser.NormalizedUserName (string) Index MaxLength(256), 8], [Property: ApplicationUser.PasswordHash (string), 9], [Property: ApplicationUser.PhoneNumber (string), 10], [Property: ApplicationUser.PhoneNumberConfirmed (bool) Required, 11], [Property: ApplicationUser.SecurityStamp (string), 12], [Property: ApplicationUser.TwoFactorEnabled (bool) Required, 13], [Property: ApplicationUser.UserName (string) MaxLength(256), 14] }
            SELECT TOP(1) u.Id, u.AccessFailedCount, u.ConcurrencyStamp, u.Email, u.EmailConfirmed, u.LockoutEnabled, u.LockoutEnd, u.NormalizedEmail, u.NormalizedUserName, u.PasswordHash, u.PhoneNumber, u.PhoneNumberConfirmed, u.SecurityStamp, u.TwoFactorEnabled, u.UserName
            FROM identity.Users AS u
            WHERE u.NormalizedUserName == @normalizedUserName) | Resolver: c => new RelationalCommandCache(
            c.Dependencies.MemoryCache, 
            c.RelationalDependencies.QuerySqlGeneratorFactory, 
            c.RelationalDependencies.RelationalParameterBasedSqlProcessorFactory, 
            Projection Mapping:
                EmptyProjectionMember -> Dictionary<IPropertyBase, int> { [Property: ApplicationUser.Id (Guid) Required PK AfterSave:Throw ValueGenerated.OnAdd, 0], [Property: ApplicationUser.AccessFailedCount (int) Required, 1], [Property: ApplicationUser.ConcurrencyStamp (string) Concurrency, 2], [Property: ApplicationUser.Email (string) MaxLength(256), 3], [Property: ApplicationUser.EmailConfirmed (bool) Required, 4], [Property: ApplicationUser.LockoutEnabled (bool) Required, 5], [Property: ApplicationUser.LockoutEnd (DateTimeOffset?), 6], [Property: ApplicationUser.NormalizedEmail (string) Index MaxLength(256), 7], [Property: ApplicationUser.NormalizedUserName (string) Index MaxLength(256), 8], [Property: ApplicationUser.PasswordHash (string), 9], [Property: ApplicationUser.PhoneNumber (string), 10], [Property: ApplicationUser.PhoneNumberConfirmed (bool) Required, 11], [Property: ApplicationUser.SecurityStamp (string), 12], [Property: ApplicationUser.TwoFactorEnabled (bool) Required, 13], [Property: ApplicationUser.UserName (string) MaxLength(256), 14] }
            SELECT TOP(1) u.Id, u.AccessFailedCount, u.ConcurrencyStamp, u.Email, u.EmailConfirmed, u.LockoutEnabled, u.LockoutEnd, u.NormalizedEmail, u.NormalizedUserName, u.PasswordHash, u.PhoneNumber, u.PhoneNumberConfirmed, u.SecurityStamp, u.TwoFactorEnabled, u.UserName
            FROM identity.Users AS u
            WHERE u.NormalizedUserName == @normalizedUserName, 
            False, 
            MultipleParameters
        )].GetRelationalCommandTemplate(parameters), 
        readerColumns: null, 
        shaper: (queryContext, dataReader, resultContext, resultCoordinator) => 
        {
            ApplicationUser entity;
            entity = 
            {
                MaterializationContext materializationContext1;
                IEntityType entityType1;
                ApplicationUser instance1;
                InternalEntityEntry entry1;
                bool hasNullKey1;
                materializationContext1 = new MaterializationContext(
                    [LIFTABLE Constant: ValueBuffer | Resolver: _ => (object)ValueBuffer.Empty], 
                    queryContext.Context
                );
                instance1 = default(ApplicationUser);
                entry1 = queryContext.TryGetEntry(
                    key: [LIFTABLE Constant: Key: ApplicationUser.Id PK | Resolver: c => c.Dependencies.Model.FindEntityType("PlatformServiceTemplate.Infrastructure.Identity.ApplicationUser").FindPrimaryKey()], 
                    keyValues: new object[]{ (object)dataReader.GetGuid(0) }, 
                    throwOnNullKey: True, 
                    hasNullKey: hasNullKey1);
                !(hasNullKey1) ? entry1 != default(InternalEntityEntry) ? 
                {
                    entityType1 = entry1.EntityType;
                    return instance1 = (ApplicationUser)entry1.Entity;
                } : 
                {
                    ISnapshot shadowSnapshot1;
                    shadowSnapshot1 = [LIFTABLE Constant: Snapshot | Resolver: _ => Snapshot.Empty];
                    entityType1 = [LIFTABLE Constant: EntityType: ApplicationUser | Resolver: namelessParameter{0} => namelessParameter{0}.Dependencies.Model.FindEntityType("PlatformServiceTemplate.Infrastructure.Identity.ApplicationUser")];
                    instance1 = switch (entityType1)
                    {
                        case [LIFTABLE Constant: EntityType: ApplicationUser | Resolver: namelessParameter{1} => namelessParameter{1}.Dependencies.Model.FindEntityType("PlatformServiceTemplate.Infrastructure.Identity.ApplicationUser")]: 
                            {
                                return 
                                {
                                    ApplicationUser instance;
                                    instance = new ApplicationUser();
                                    instance.<Id>k__BackingField = dataReader.GetGuid(0);
                                    instance.<AccessFailedCount>k__BackingField = dataReader.GetInt32(1);
                                    instance.<ConcurrencyStamp>k__BackingField = dataReader.IsDBNull(2) ? default(string) : dataReader.GetString(2);
                                    instance.<Email>k__BackingField = dataReader.IsDBNull(3) ? default(string) : dataReader.GetString(3);
                                    instance.<EmailConfirmed>k__BackingField = dataReader.GetBoolean(4);
                                    instance.<LockoutEnabled>k__BackingField = dataReader.GetBoolean(5);
                                    instance.<LockoutEnd>k__BackingField = dataReader.IsDBNull(6) ? default(DateTimeOffset?) : (DateTimeOffset?)dataReader.GetFieldValue<DateTimeOffset>(6);
                                    instance.<NormalizedEmail>k__BackingField = dataReader.IsDBNull(7) ? default(string) : dataReader.GetString(7);
                                    instance.<NormalizedUserName>k__BackingField = dataReader.IsDBNull(8) ? default(string) : dataReader.GetString(8);
                                    instance.<PasswordHash>k__BackingField = dataReader.IsDBNull(9) ? default(string) : dataReader.GetString(9);
                                    instance.<PhoneNumber>k__BackingField = dataReader.IsDBNull(10) ? default(string) : dataReader.GetString(10);
                                    instance.<PhoneNumberConfirmed>k__BackingField = dataReader.GetBoolean(11);
                                    instance.<SecurityStamp>k__BackingField = dataReader.IsDBNull(12) ? default(string) : dataReader.GetString(12);
                                    instance.<TwoFactorEnabled>k__BackingField = dataReader.GetBoolean(13);
                                    instance.<UserName>k__BackingField = dataReader.IsDBNull(14) ? default(string) : dataReader.GetString(14);
                                    (instance is IInjectableService) ? ((IInjectableService)instance).Injected(
                                        context: materializationContext1.Context, 
                                        entity: instance, 
                                        queryTrackingBehavior: TrackAll, 
                                        structuralType: [LIFTABLE Constant: EntityType: ApplicationUser | Resolver: namelessParameter{2} => namelessParameter{2}.Dependencies.Model.FindEntityType("PlatformServiceTemplate.Infrastructure.Identity.ApplicationUser")]) : default(void);
                                    return instance;
                                }}
                        default: 
                            default(ApplicationUser)
                    }
                    ;
                    entry1 = entityType1 == default(IEntityType) ? default(InternalEntityEntry) : queryContext.StartTracking(
                        entityType: entityType1, 
                        entity: instance1, 
                        snapshot: shadowSnapshot1);
                    return instance1;
                } : default(void);
                return instance1;
            };
            return entity;
        }, 
        contextType: PlatformServiceTemplate.Infrastructure.Persistence.ApplicationDbContext, 
        standAloneStateManager: False, 
        detailedErrorsEnabled: False, 
        threadSafetyChecksEnabled: True), 
    cancellationToken: queryContext.CancellationToken)'
2026-02-23 16:32:58.383 +05:30 [DBG] Creating DbConnection.
2026-02-23 16:32:58.388 +05:30 [DBG] Created DbConnection. (4ms).
2026-02-23 16:32:58.391 +05:30 [DBG] Opening connection to database 'TorqueDB' on server 'KIL-HP-H036'.
2026-02-23 16:32:58.394 +05:30 [DBG] Opened connection to database 'TorqueDB' on server 'KIL-HP-H036'.
2026-02-23 16:32:58.405 +05:30 [DBG] Creating DbCommand for 'ExecuteReader'.
2026-02-23 16:32:58.407 +05:30 [DBG] Created DbCommand for 'ExecuteReader' (2ms).
2026-02-23 16:32:58.410 +05:30 [DBG] Initialized DbCommand for 'ExecuteReader' (5ms).
2026-02-23 16:32:58.413 +05:30 [DBG] Executing DbCommand [Parameters=[@normalizedUserName='?' (Size = 256)], CommandType='"Text"', CommandTimeout='30']
SELECT TOP(1) [u].[Id], [u].[AccessFailedCount], [u].[ConcurrencyStamp], [u].[Email], [u].[EmailConfirmed], [u].[LockoutEnabled], [u].[LockoutEnd], [u].[NormalizedEmail], [u].[NormalizedUserName], [u].[PasswordHash], [u].[PhoneNumber], [u].[PhoneNumberConfirmed], [u].[SecurityStamp], [u].[TwoFactorEnabled], [u].[UserName]
FROM [identity].[Users] AS [u]
WHERE [u].[NormalizedUserName] = @normalizedUserName
2026-02-23 16:32:58.472 +05:30 [INF] Executed DbCommand (60ms) [Parameters=[@normalizedUserName='?' (Size = 256)], CommandType='"Text"', CommandTimeout='30']
SELECT TOP(1) [u].[Id], [u].[AccessFailedCount], [u].[ConcurrencyStamp], [u].[Email], [u].[EmailConfirmed], [u].[LockoutEnabled], [u].[LockoutEnd], [u].[NormalizedEmail], [u].[NormalizedUserName], [u].[PasswordHash], [u].[PhoneNumber], [u].[PhoneNumberConfirmed], [u].[SecurityStamp], [u].[TwoFactorEnabled], [u].[UserName]
FROM [identity].[Users] AS [u]
WHERE [u].[NormalizedUserName] = @normalizedUserName
2026-02-23 16:32:58.477 +05:30 [DBG] Closing data reader to 'TorqueDB' on server 'KIL-HP-H036'.
2026-02-23 16:32:58.485 +05:30 [DBG] A data reader for 'TorqueDB' on server 'KIL-HP-H036' is being disposed after spending 8ms reading results.
2026-02-23 16:32:58.489 +05:30 [DBG] Closing connection to database 'TorqueDB' on server 'KIL-HP-H036'.
2026-02-23 16:32:58.495 +05:30 [DBG] Closed connection to database 'TorqueDB' on server 'KIL-HP-H036' (6ms).
2026-02-23 16:32:58.597 +05:30 [DBG] Context 'ApplicationDbContext' started tracking 'ApplicationUser' entity. Consider using 'DbContextOptionsBuilder.EnableSensitiveDataLogging' to see key values.
2026-02-23 16:32:58.605 +05:30 [DBG] SaveChanges starting for 'ApplicationDbContext'.
2026-02-23 16:32:58.607 +05:30 [DBG] DetectChanges starting for 'ApplicationDbContext'.
2026-02-23 16:32:58.642 +05:30 [DBG] DetectChanges completed for 'ApplicationDbContext'.
2026-02-23 16:32:58.650 +05:30 [DBG] Opening connection to database 'TorqueDB' on server 'KIL-HP-H036'.
2026-02-23 16:32:58.654 +05:30 [DBG] Opened connection to database 'TorqueDB' on server 'KIL-HP-H036'.
2026-02-23 16:32:58.657 +05:30 [DBG] Creating DbCommand for 'ExecuteReader'.
2026-02-23 16:32:58.659 +05:30 [DBG] Created DbCommand for 'ExecuteReader' (2ms).
2026-02-23 16:32:58.666 +05:30 [DBG] Initialized DbCommand for 'ExecuteReader' (8ms).
2026-02-23 16:32:58.669 +05:30 [DBG] Executing DbCommand [Parameters=[@p0='?' (DbType = Guid), @p1='?' (DbType = Int32), @p2='?' (Size = 4000), @p3='?' (Size = 256), @p4='?' (DbType = Boolean), @p5='?' (DbType = Boolean), @p6='?' (DbType = DateTimeOffset), @p7='?' (Size = 256), @p8='?' (Size = 256), @p9='?' (Size = 4000), @p10='?' (Size = 4000), @p11='?' (DbType = Boolean), @p12='?' (Size = 4000), @p13='?' (DbType = Boolean), @p14='?' (Size = 256)], CommandType='"Text"', CommandTimeout='30']
SET IMPLICIT_TRANSACTIONS OFF;
SET NOCOUNT ON;
INSERT INTO [identity].[Users] ([Id], [AccessFailedCount], [ConcurrencyStamp], [Email], [EmailConfirmed], [LockoutEnabled], [LockoutEnd], [NormalizedEmail], [NormalizedUserName], [PasswordHash], [PhoneNumber], [PhoneNumberConfirmed], [SecurityStamp], [TwoFactorEnabled], [UserName])
VALUES (@p0, @p1, @p2, @p3, @p4, @p5, @p6, @p7, @p8, @p9, @p10, @p11, @p12, @p13, @p14);
2026-02-23 16:32:58.693 +05:30 [INF] Executed DbCommand (23ms) [Parameters=[@p0='?' (DbType = Guid), @p1='?' (DbType = Int32), @p2='?' (Size = 4000), @p3='?' (Size = 256), @p4='?' (DbType = Boolean), @p5='?' (DbType = Boolean), @p6='?' (DbType = DateTimeOffset), @p7='?' (Size = 256), @p8='?' (Size = 256), @p9='?' (Size = 4000), @p10='?' (Size = 4000), @p11='?' (DbType = Boolean), @p12='?' (Size = 4000), @p13='?' (DbType = Boolean), @p14='?' (Size = 256)], CommandType='"Text"', CommandTimeout='30']
SET IMPLICIT_TRANSACTIONS OFF;
SET NOCOUNT ON;
INSERT INTO [identity].[Users] ([Id], [AccessFailedCount], [ConcurrencyStamp], [Email], [EmailConfirmed], [LockoutEnabled], [LockoutEnd], [NormalizedEmail], [NormalizedUserName], [PasswordHash], [PhoneNumber], [PhoneNumberConfirmed], [SecurityStamp], [TwoFactorEnabled], [UserName])
VALUES (@p0, @p1, @p2, @p3, @p4, @p5, @p6, @p7, @p8, @p9, @p10, @p11, @p12, @p13, @p14);
2026-02-23 16:32:58.700 +05:30 [DBG] Closing data reader to 'TorqueDB' on server 'KIL-HP-H036'.
2026-02-23 16:32:58.703 +05:30 [DBG] A data reader for 'TorqueDB' on server 'KIL-HP-H036' is being disposed after spending 2ms reading results.
2026-02-23 16:32:58.706 +05:30 [DBG] Closing connection to database 'TorqueDB' on server 'KIL-HP-H036'.
2026-02-23 16:32:58.709 +05:30 [DBG] Closed connection to database 'TorqueDB' on server 'KIL-HP-H036' (3ms).
2026-02-23 16:32:58.718 +05:30 [DBG] An entity of type 'ApplicationUser' tracked by 'ApplicationDbContext' changed state from '"Added"' to '"Unchanged"'. Consider using 'DbContextOptionsBuilder.EnableSensitiveDataLogging' to see key values.
2026-02-23 16:32:58.723 +05:30 [DBG] SaveChanges completed for 'ApplicationDbContext' with 1 entities written to the database.
2026-02-23 16:32:58.732 +05:30 [DBG] Opening connection to database 'TorqueDB' on server 'KIL-HP-H036'.
2026-02-23 16:32:58.735 +05:30 [DBG] Opened connection to database 'TorqueDB' on server 'KIL-HP-H036'.
2026-02-23 16:32:58.738 +05:30 [DBG] Creating DbCommand for 'ExecuteReader'.
2026-02-23 16:32:58.741 +05:30 [DBG] Created DbCommand for 'ExecuteReader' (2ms).
2026-02-23 16:32:58.743 +05:30 [DBG] Initialized DbCommand for 'ExecuteReader' (4ms).
2026-02-23 16:32:58.750 +05:30 [DBG] Executing DbCommand [Parameters=[@normalizedName='?' (Size = 256)], CommandType='"Text"', CommandTimeout='30']
SELECT TOP(1) [r].[Id], [r].[ConcurrencyStamp], [r].[Name], [r].[NormalizedName]
FROM [identity].[Roles] AS [r]
WHERE [r].[NormalizedName] = @normalizedName
2026-02-23 16:32:58.770 +05:30 [INF] Executed DbCommand (20ms) [Parameters=[@normalizedName='?' (Size = 256)], CommandType='"Text"', CommandTimeout='30']
SELECT TOP(1) [r].[Id], [r].[ConcurrencyStamp], [r].[Name], [r].[NormalizedName]
FROM [identity].[Roles] AS [r]
WHERE [r].[NormalizedName] = @normalizedName
2026-02-23 16:32:58.786 +05:30 [DBG] Context 'ApplicationDbContext' started tracking 'IdentityRole' entity. Consider using 'DbContextOptionsBuilder.EnableSensitiveDataLogging' to see key values.
2026-02-23 16:32:58.791 +05:30 [DBG] Closing data reader to 'TorqueDB' on server 'KIL-HP-H036'.
2026-02-23 16:32:58.793 +05:30 [DBG] A data reader for 'TorqueDB' on server 'KIL-HP-H036' is being disposed after spending 18ms reading results.
2026-02-23 16:32:58.802 +05:30 [DBG] Closing connection to database 'TorqueDB' on server 'KIL-HP-H036'.
2026-02-23 16:32:58.804 +05:30 [DBG] Closed connection to database 'TorqueDB' on server 'KIL-HP-H036' (2ms).
2026-02-23 16:32:58.819 +05:30 [DBG] Compiling query expression: 
'DbSet<IdentityRole<Guid>>()
    .SingleOrDefault(r => r.NormalizedName == @normalizedRoleName)'
2026-02-23 16:32:58.833 +05:30 [DBG] Generated query execution expression: 
'queryContext => ShapedQueryCompilingExpressionVisitor.SingleOrDefaultAsync<IdentityRole<Guid>>(
    asyncEnumerable: SingleQueryingEnumerable.Create<IdentityRole<Guid>>(
        relationalQueryContext: (RelationalQueryContext)queryContext, 
        relationalCommandResolver: parameters => [LIFTABLE Constant: RelationalCommandCache.QueryExpression(
            Projection Mapping:
                EmptyProjectionMember -> Dictionary<IPropertyBase, int> { [Property: IdentityRole<Guid>.Id (Guid) Required PK AfterSave:Throw ValueGenerated.OnAdd, 0], [Property: IdentityRole<Guid>.ConcurrencyStamp (string) Concurrency, 1], [Property: IdentityRole<Guid>.Name (string) MaxLength(256), 2], [Property: IdentityRole<Guid>.NormalizedName (string) Index MaxLength(256), 3] }
            SELECT TOP(2) r.Id, r.ConcurrencyStamp, r.Name, r.NormalizedName
            FROM identity.Roles AS r
            WHERE r.NormalizedName == @normalizedRoleName) | Resolver: c => new RelationalCommandCache(
            c.Dependencies.MemoryCache, 
            c.RelationalDependencies.QuerySqlGeneratorFactory, 
            c.RelationalDependencies.RelationalParameterBasedSqlProcessorFactory, 
            Projection Mapping:
                EmptyProjectionMember -> Dictionary<IPropertyBase, int> { [Property: IdentityRole<Guid>.Id (Guid) Required PK AfterSave:Throw ValueGenerated.OnAdd, 0], [Property: IdentityRole<Guid>.ConcurrencyStamp (string) Concurrency, 1], [Property: IdentityRole<Guid>.Name (string) MaxLength(256), 2], [Property: IdentityRole<Guid>.NormalizedName (string) Index MaxLength(256), 3] }
            SELECT TOP(2) r.Id, r.ConcurrencyStamp, r.Name, r.NormalizedName
            FROM identity.Roles AS r
            WHERE r.NormalizedName == @normalizedRoleName, 
            False, 
            MultipleParameters
        )].GetRelationalCommandTemplate(parameters), 
        readerColumns: null, 
        shaper: (queryContext, dataReader, resultContext, resultCoordinator) => 
        {
            IdentityRole<Guid> entity;
            entity = 
            {
                MaterializationContext materializationContext1;
                IEntityType entityType1;
                IdentityRole<Guid> instance1;
                InternalEntityEntry entry1;
                bool hasNullKey1;
                materializationContext1 = new MaterializationContext(
                    [LIFTABLE Constant: ValueBuffer | Resolver: _ => (object)ValueBuffer.Empty], 
                    queryContext.Context
                );
                instance1 = default(IdentityRole<Guid>);
                entry1 = queryContext.TryGetEntry(
                    key: [LIFTABLE Constant: Key: IdentityRole<Guid>.Id PK | Resolver: c => c.Dependencies.Model.FindEntityType("Microsoft.AspNetCore.Identity.IdentityRole<System.Guid>").FindPrimaryKey()], 
                    keyValues: new object[]{ (object)dataReader.GetGuid(0) }, 
                    throwOnNullKey: True, 
                    hasNullKey: hasNullKey1);
                !(hasNullKey1) ? entry1 != default(InternalEntityEntry) ? 
                {
                    entityType1 = entry1.EntityType;
                    return instance1 = (IdentityRole<Guid>)entry1.Entity;
                } : 
                {
                    ISnapshot shadowSnapshot1;
                    shadowSnapshot1 = [LIFTABLE Constant: Snapshot | Resolver: _ => Snapshot.Empty];
                    entityType1 = [LIFTABLE Constant: EntityType: IdentityRole<Guid> | Resolver: namelessParameter{0} => namelessParameter{0}.Dependencies.Model.FindEntityType("Microsoft.AspNetCore.Identity.IdentityRole<System.Guid>")];
                    instance1 = switch (entityType1)
                    {
                        case [LIFTABLE Constant: EntityType: IdentityRole<Guid> | Resolver: namelessParameter{1} => namelessParameter{1}.Dependencies.Model.FindEntityType("Microsoft.AspNetCore.Identity.IdentityRole<System.Guid>")]: 
                            {
                                return 
                                {
                                    IdentityRole<Guid> instance;
                                    instance = new IdentityRole<Guid>();
                                    instance.<Id>k__BackingField = dataReader.GetGuid(0);
                                    instance.<ConcurrencyStamp>k__BackingField = dataReader.IsDBNull(1) ? default(string) : dataReader.GetString(1);
                                    instance.<Name>k__BackingField = dataReader.IsDBNull(2) ? default(string) : dataReader.GetString(2);
                                    instance.<NormalizedName>k__BackingField = dataReader.IsDBNull(3) ? default(string) : dataReader.GetString(3);
                                    (instance is IInjectableService) ? ((IInjectableService)instance).Injected(
                                        context: materializationContext1.Context, 
                                        entity: instance, 
                                        queryTrackingBehavior: TrackAll, 
                                        structuralType: [LIFTABLE Constant: EntityType: IdentityRole<Guid> | Resolver: namelessParameter{2} => namelessParameter{2}.Dependencies.Model.FindEntityType("Microsoft.AspNetCore.Identity.IdentityRole<System.Guid>")]) : default(void);
                                    return instance;
                                }}
                        default: 
                            default(IdentityRole<Guid>)
                    }
                    ;
                    entry1 = entityType1 == default(IEntityType) ? default(InternalEntityEntry) : queryContext.StartTracking(
                        entityType: entityType1, 
                        entity: instance1, 
                        snapshot: shadowSnapshot1);
                    return instance1;
                } : default(void);
                return instance1;
            };
            return entity;
        }, 
        contextType: PlatformServiceTemplate.Infrastructure.Persistence.ApplicationDbContext, 
        standAloneStateManager: False, 
        detailedErrorsEnabled: False, 
        threadSafetyChecksEnabled: True), 
    cancellationToken: queryContext.CancellationToken)'
2026-02-23 16:32:58.840 +05:30 [DBG] Opening connection to database 'TorqueDB' on server 'KIL-HP-H036'.
2026-02-23 16:32:58.843 +05:30 [DBG] Opened connection to database 'TorqueDB' on server 'KIL-HP-H036'.
2026-02-23 16:32:58.849 +05:30 [DBG] Creating DbCommand for 'ExecuteReader'.
2026-02-23 16:32:58.851 +05:30 [DBG] Created DbCommand for 'ExecuteReader' (2ms).
2026-02-23 16:32:58.853 +05:30 [DBG] Initialized DbCommand for 'ExecuteReader' (4ms).
2026-02-23 16:32:58.856 +05:30 [DBG] Executing DbCommand [Parameters=[@normalizedRoleName='?' (Size = 256)], CommandType='"Text"', CommandTimeout='30']
SELECT TOP(2) [r].[Id], [r].[ConcurrencyStamp], [r].[Name], [r].[NormalizedName]
FROM [identity].[Roles] AS [r]
WHERE [r].[NormalizedName] = @normalizedRoleName
2026-02-23 16:32:58.869 +05:30 [INF] Executed DbCommand (13ms) [Parameters=[@normalizedRoleName='?' (Size = 256)], CommandType='"Text"', CommandTimeout='30']
SELECT TOP(2) [r].[Id], [r].[ConcurrencyStamp], [r].[Name], [r].[NormalizedName]
FROM [identity].[Roles] AS [r]
WHERE [r].[NormalizedName] = @normalizedRoleName
2026-02-23 16:32:58.874 +05:30 [DBG] Closing data reader to 'TorqueDB' on server 'KIL-HP-H036'.
2026-02-23 16:32:58.876 +05:30 [DBG] A data reader for 'TorqueDB' on server 'KIL-HP-H036' is being disposed after spending 3ms reading results.
2026-02-23 16:32:58.880 +05:30 [DBG] Closing connection to database 'TorqueDB' on server 'KIL-HP-H036'.
2026-02-23 16:32:58.884 +05:30 [DBG] Closed connection to database 'TorqueDB' on server 'KIL-HP-H036' (3ms).
2026-02-23 16:32:58.921 +05:30 [DBG] Compiling query expression: 
'DbSet<IdentityUserRole<Guid>>()
    .FirstOrDefault(e => object.Equals(
        objA: EF.Property<object>(e, "UserId"), 
        objB: @p) && object.Equals(
        objA: EF.Property<object>(e, "RoleId"), 
        objB: @p1))'
2026-02-23 16:32:59.036 +05:30 [DBG] Generated query execution expression: 
'queryContext => ShapedQueryCompilingExpressionVisitor.SingleOrDefaultAsync<IdentityUserRole<Guid>>(
    asyncEnumerable: SingleQueryingEnumerable.Create<IdentityUserRole<Guid>>(
        relationalQueryContext: (RelationalQueryContext)queryContext, 
        relationalCommandResolver: parameters => [LIFTABLE Constant: RelationalCommandCache.QueryExpression(
            Projection Mapping:
                EmptyProjectionMember -> Dictionary<IPropertyBase, int> { [Property: IdentityUserRole<Guid>.UserId (Guid) Required PK FK AfterSave:Throw, 0], [Property: IdentityUserRole<Guid>.RoleId (Guid) Required PK FK Index AfterSave:Throw, 1] }
            SELECT TOP(1) u.UserId, u.RoleId
            FROM identity.UserRoles AS u
            WHERE (u.UserId == @p) && (u.RoleId == @p1)) | Resolver: c => new RelationalCommandCache(
            c.Dependencies.MemoryCache, 
            c.RelationalDependencies.QuerySqlGeneratorFactory, 
            c.RelationalDependencies.RelationalParameterBasedSqlProcessorFactory, 
            Projection Mapping:
                EmptyProjectionMember -> Dictionary<IPropertyBase, int> { [Property: IdentityUserRole<Guid>.UserId (Guid) Required PK FK AfterSave:Throw, 0], [Property: IdentityUserRole<Guid>.RoleId (Guid) Required PK FK Index AfterSave:Throw, 1] }
            SELECT TOP(1) u.UserId, u.RoleId
            FROM identity.UserRoles AS u
            WHERE (u.UserId == @p) && (u.RoleId == @p1), 
            False, 
            MultipleParameters
        )].GetRelationalCommandTemplate(parameters), 
        readerColumns: null, 
        shaper: (queryContext, dataReader, resultContext, resultCoordinator) => 
        {
            IdentityUserRole<Guid> entity;
            entity = 
            {
                MaterializationContext materializationContext1;
                IEntityType entityType1;
                IdentityUserRole<Guid> instance1;
                InternalEntityEntry entry1;
                bool hasNullKey1;
                materializationContext1 = new MaterializationContext(
                    [LIFTABLE Constant: ValueBuffer | Resolver: _ => (object)ValueBuffer.Empty], 
                    queryContext.Context
                );
                instance1 = default(IdentityUserRole<Guid>);
                entry1 = queryContext.TryGetEntry(
                    key: [LIFTABLE Constant: Key: IdentityUserRole<Guid>.UserId, IdentityUserRole<Guid>.RoleId PK | Resolver: c => c.Dependencies.Model.FindEntityType("Microsoft.AspNetCore.Identity.IdentityUserRole<System.Guid>").FindPrimaryKey()], 
                    keyValues: new object[]
                    { 
                        (object)dataReader.GetGuid(0), 
                        (object)dataReader.GetGuid(1) 
                    }, 
                    throwOnNullKey: True, 
                    hasNullKey: hasNullKey1);
                !(hasNullKey1) ? entry1 != default(InternalEntityEntry) ? 
                {
                    entityType1 = entry1.EntityType;
                    return instance1 = (IdentityUserRole<Guid>)entry1.Entity;
                } : 
                {
                    ISnapshot shadowSnapshot1;
                    shadowSnapshot1 = [LIFTABLE Constant: Snapshot | Resolver: _ => Snapshot.Empty];
                    entityType1 = [LIFTABLE Constant: EntityType: IdentityUserRole<Guid> | Resolver: namelessParameter{0} => namelessParameter{0}.Dependencies.Model.FindEntityType("Microsoft.AspNetCore.Identity.IdentityUserRole<System.Guid>")];
                    instance1 = switch (entityType1)
                    {
                        case [LIFTABLE Constant: EntityType: IdentityUserRole<Guid> | Resolver: namelessParameter{1} => namelessParameter{1}.Dependencies.Model.FindEntityType("Microsoft.AspNetCore.Identity.IdentityUserRole<System.Guid>")]: 
                            {
                                return 
                                {
                                    IdentityUserRole<Guid> instance;
                                    instance = new IdentityUserRole<Guid>();
                                    instance.<UserId>k__BackingField = dataReader.GetGuid(0);
                                    instance.<RoleId>k__BackingField = dataReader.GetGuid(1);
                                    (instance is IInjectableService) ? ((IInjectableService)instance).Injected(
                                        context: materializationContext1.Context, 
                                        entity: instance, 
                                        queryTrackingBehavior: TrackAll, 
                                        structuralType: [LIFTABLE Constant: EntityType: IdentityUserRole<Guid> | Resolver: namelessParameter{2} => namelessParameter{2}.Dependencies.Model.FindEntityType("Microsoft.AspNetCore.Identity.IdentityUserRole<System.Guid>")]) : default(void);
                                    return instance;
                                }}
                        default: 
                            default(IdentityUserRole<Guid>)
                    }
                    ;
                    entry1 = entityType1 == default(IEntityType) ? default(InternalEntityEntry) : queryContext.StartTracking(
                        entityType: entityType1, 
                        entity: instance1, 
                        snapshot: shadowSnapshot1);
                    return instance1;
                } : default(void);
                return instance1;
            };
            return entity;
        }, 
        contextType: PlatformServiceTemplate.Infrastructure.Persistence.ApplicationDbContext, 
        standAloneStateManager: False, 
        detailedErrorsEnabled: False, 
        threadSafetyChecksEnabled: True), 
    cancellationToken: queryContext.CancellationToken)'
2026-02-23 16:32:59.049 +05:30 [DBG] Opening connection to database 'TorqueDB' on server 'KIL-HP-H036'.
2026-02-23 16:32:59.054 +05:30 [DBG] Opened connection to database 'TorqueDB' on server 'KIL-HP-H036'.
2026-02-23 16:32:59.057 +05:30 [DBG] Creating DbCommand for 'ExecuteReader'.
2026-02-23 16:32:59.059 +05:30 [DBG] Created DbCommand for 'ExecuteReader' (2ms).
2026-02-23 16:32:59.061 +05:30 [DBG] Initialized DbCommand for 'ExecuteReader' (4ms).
2026-02-23 16:32:59.067 +05:30 [DBG] Executing DbCommand [Parameters=[@p='?' (DbType = Guid), @p1='?' (DbType = Guid)], CommandType='"Text"', CommandTimeout='30']
SELECT TOP(1) [u].[UserId], [u].[RoleId]
FROM [identity].[UserRoles] AS [u]
WHERE [u].[UserId] = @p AND [u].[RoleId] = @p1
2026-02-23 16:32:59.077 +05:30 [INF] Executed DbCommand (10ms) [Parameters=[@p='?' (DbType = Guid), @p1='?' (DbType = Guid)], CommandType='"Text"', CommandTimeout='30']
SELECT TOP(1) [u].[UserId], [u].[RoleId]
FROM [identity].[UserRoles] AS [u]
WHERE [u].[UserId] = @p AND [u].[RoleId] = @p1
2026-02-23 16:32:59.084 +05:30 [DBG] Closing data reader to 'TorqueDB' on server 'KIL-HP-H036'.
2026-02-23 16:32:59.086 +05:30 [DBG] A data reader for 'TorqueDB' on server 'KIL-HP-H036' is being disposed after spending 2ms reading results.
2026-02-23 16:32:59.089 +05:30 [DBG] Closing connection to database 'TorqueDB' on server 'KIL-HP-H036'.
2026-02-23 16:32:59.091 +05:30 [DBG] Closed connection to database 'TorqueDB' on server 'KIL-HP-H036' (2ms).
2026-02-23 16:32:59.102 +05:30 [DBG] Opening connection to database 'TorqueDB' on server 'KIL-HP-H036'.
2026-02-23 16:32:59.106 +05:30 [DBG] Opened connection to database 'TorqueDB' on server 'KIL-HP-H036'.
2026-02-23 16:32:59.108 +05:30 [DBG] Creating DbCommand for 'ExecuteReader'.
2026-02-23 16:32:59.110 +05:30 [DBG] Created DbCommand for 'ExecuteReader' (1ms).
2026-02-23 16:32:59.116 +05:30 [DBG] Initialized DbCommand for 'ExecuteReader' (7ms).
2026-02-23 16:32:59.118 +05:30 [DBG] Executing DbCommand [Parameters=[@normalizedRoleName='?' (Size = 256)], CommandType='"Text"', CommandTimeout='30']
SELECT TOP(2) [r].[Id], [r].[ConcurrencyStamp], [r].[Name], [r].[NormalizedName]
FROM [identity].[Roles] AS [r]
WHERE [r].[NormalizedName] = @normalizedRoleName
2026-02-23 16:32:59.128 +05:30 [INF] Executed DbCommand (9ms) [Parameters=[@normalizedRoleName='?' (Size = 256)], CommandType='"Text"', CommandTimeout='30']
SELECT TOP(2) [r].[Id], [r].[ConcurrencyStamp], [r].[Name], [r].[NormalizedName]
FROM [identity].[Roles] AS [r]
WHERE [r].[NormalizedName] = @normalizedRoleName
2026-02-23 16:32:59.136 +05:30 [DBG] Closing data reader to 'TorqueDB' on server 'KIL-HP-H036'.
2026-02-23 16:32:59.139 +05:30 [DBG] A data reader for 'TorqueDB' on server 'KIL-HP-H036' is being disposed after spending 3ms reading results.
2026-02-23 16:32:59.143 +05:30 [DBG] Closing connection to database 'TorqueDB' on server 'KIL-HP-H036'.
2026-02-23 16:32:59.153 +05:30 [DBG] Closed connection to database 'TorqueDB' on server 'KIL-HP-H036' (10ms).
2026-02-23 16:32:59.192 +05:30 [DBG] Context 'ApplicationDbContext' started tracking 'IdentityUserRole' entity. Consider using 'DbContextOptionsBuilder.EnableSensitiveDataLogging' to see key values.
2026-02-23 16:32:59.198 +05:30 [DBG] Opening connection to database 'TorqueDB' on server 'KIL-HP-H036'.
2026-02-23 16:32:59.202 +05:30 [DBG] Opened connection to database 'TorqueDB' on server 'KIL-HP-H036'.
2026-02-23 16:32:59.204 +05:30 [DBG] Creating DbCommand for 'ExecuteReader'.
2026-02-23 16:32:59.206 +05:30 [DBG] Created DbCommand for 'ExecuteReader' (2ms).
2026-02-23 16:32:59.209 +05:30 [DBG] Initialized DbCommand for 'ExecuteReader' (5ms).
2026-02-23 16:32:59.216 +05:30 [DBG] Executing DbCommand [Parameters=[@normalizedUserName='?' (Size = 256)], CommandType='"Text"', CommandTimeout='30']
SELECT TOP(1) [u].[Id], [u].[AccessFailedCount], [u].[ConcurrencyStamp], [u].[Email], [u].[EmailConfirmed], [u].[LockoutEnabled], [u].[LockoutEnd], [u].[NormalizedEmail], [u].[NormalizedUserName], [u].[PasswordHash], [u].[PhoneNumber], [u].[PhoneNumberConfirmed], [u].[SecurityStamp], [u].[TwoFactorEnabled], [u].[UserName]
FROM [identity].[Users] AS [u]
WHERE [u].[NormalizedUserName] = @normalizedUserName
2026-02-23 16:32:59.228 +05:30 [INF] Executed DbCommand (12ms) [Parameters=[@normalizedUserName='?' (Size = 256)], CommandType='"Text"', CommandTimeout='30']
SELECT TOP(1) [u].[Id], [u].[AccessFailedCount], [u].[ConcurrencyStamp], [u].[Email], [u].[EmailConfirmed], [u].[LockoutEnabled], [u].[LockoutEnd], [u].[NormalizedEmail], [u].[NormalizedUserName], [u].[PasswordHash], [u].[PhoneNumber], [u].[PhoneNumberConfirmed], [u].[SecurityStamp], [u].[TwoFactorEnabled], [u].[UserName]
FROM [identity].[Users] AS [u]
WHERE [u].[NormalizedUserName] = @normalizedUserName
2026-02-23 16:32:59.238 +05:30 [DBG] Closing data reader to 'TorqueDB' on server 'KIL-HP-H036'.
2026-02-23 16:32:59.241 +05:30 [DBG] A data reader for 'TorqueDB' on server 'KIL-HP-H036' is being disposed after spending 4ms reading results.
2026-02-23 16:32:59.249 +05:30 [DBG] Closing connection to database 'TorqueDB' on server 'KIL-HP-H036'.
2026-02-23 16:32:59.252 +05:30 [DBG] Closed connection to database 'TorqueDB' on server 'KIL-HP-H036' (2ms).
2026-02-23 16:32:59.266 +05:30 [DBG] An entity of type 'ApplicationUser' tracked by 'ApplicationDbContext' changed state from '"Unchanged"' to '"Modified"'. Consider using 'DbContextOptionsBuilder.EnableSensitiveDataLogging' to see key values.
2026-02-23 16:32:59.271 +05:30 [DBG] SaveChanges starting for 'ApplicationDbContext'.
2026-02-23 16:32:59.274 +05:30 [DBG] DetectChanges starting for 'ApplicationDbContext'.
2026-02-23 16:32:59.278 +05:30 [DBG] DetectChanges completed for 'ApplicationDbContext'.
2026-02-23 16:32:59.326 +05:30 [DBG] Executing 2 update commands as a batch.
2026-02-23 16:32:59.329 +05:30 [DBG] Opening connection to database 'TorqueDB' on server 'KIL-HP-H036'.
2026-02-23 16:32:59.335 +05:30 [DBG] Opened connection to database 'TorqueDB' on server 'KIL-HP-H036'.
2026-02-23 16:32:59.338 +05:30 [DBG] Beginning transaction with isolation level 'Unspecified'.
2026-02-23 16:32:59.340 +05:30 [DBG] Began transaction with isolation level 'ReadCommitted'.
2026-02-23 16:32:59.342 +05:30 [DBG] Creating DbCommand for 'ExecuteReader'.
2026-02-23 16:32:59.344 +05:30 [DBG] Created DbCommand for 'ExecuteReader' (2ms).
2026-02-23 16:32:59.351 +05:30 [DBG] Initialized DbCommand for 'ExecuteReader' (9ms).
2026-02-23 16:32:59.355 +05:30 [DBG] Executing DbCommand [Parameters=[@p0='?' (DbType = Guid), @p1='?' (DbType = Guid), @p16='?' (DbType = Guid), @p2='?' (DbType = Int32), @p3='?' (Size = 4000), @p17='?' (Size = 4000), @p4='?' (Size = 256), @p5='?' (DbType = Boolean), @p6='?' (DbType = Boolean), @p7='?' (DbType = DateTimeOffset), @p8='?' (Size = 256), @p9='?' (Size = 256), @p10='?' (Size = 4000), @p11='?' (Size = 4000), @p12='?' (DbType = Boolean), @p13='?' (Size = 4000), @p14='?' (DbType = Boolean), @p15='?' (Size = 256)], CommandType='"Text"', CommandTimeout='30']
SET NOCOUNT ON;
INSERT INTO [identity].[UserRoles] ([RoleId], [UserId])
VALUES (@p0, @p1);
UPDATE [identity].[Users] SET [AccessFailedCount] = @p2, [ConcurrencyStamp] = @p3, [Email] = @p4, [EmailConfirmed] = @p5, [LockoutEnabled] = @p6, [LockoutEnd] = @p7, [NormalizedEmail] = @p8, [NormalizedUserName] = @p9, [PasswordHash] = @p10, [PhoneNumber] = @p11, [PhoneNumberConfirmed] = @p12, [SecurityStamp] = @p13, [TwoFactorEnabled] = @p14, [UserName] = @p15
OUTPUT 1
WHERE [Id] = @p16 AND [ConcurrencyStamp] = @p17;
2026-02-23 16:32:59.449 +05:30 [INF] Executed DbCommand (94ms) [Parameters=[@p0='?' (DbType = Guid), @p1='?' (DbType = Guid), @p16='?' (DbType = Guid), @p2='?' (DbType = Int32), @p3='?' (Size = 4000), @p17='?' (Size = 4000), @p4='?' (Size = 256), @p5='?' (DbType = Boolean), @p6='?' (DbType = Boolean), @p7='?' (DbType = DateTimeOffset), @p8='?' (Size = 256), @p9='?' (Size = 256), @p10='?' (Size = 4000), @p11='?' (Size = 4000), @p12='?' (DbType = Boolean), @p13='?' (Size = 4000), @p14='?' (DbType = Boolean), @p15='?' (Size = 256)], CommandType='"Text"', CommandTimeout='30']
SET NOCOUNT ON;
INSERT INTO [identity].[UserRoles] ([RoleId], [UserId])
VALUES (@p0, @p1);
UPDATE [identity].[Users] SET [AccessFailedCount] = @p2, [ConcurrencyStamp] = @p3, [Email] = @p4, [EmailConfirmed] = @p5, [LockoutEnabled] = @p6, [LockoutEnd] = @p7, [NormalizedEmail] = @p8, [NormalizedUserName] = @p9, [PasswordHash] = @p10, [PhoneNumber] = @p11, [PhoneNumberConfirmed] = @p12, [SecurityStamp] = @p13, [TwoFactorEnabled] = @p14, [UserName] = @p15
OUTPUT 1
WHERE [Id] = @p16 AND [ConcurrencyStamp] = @p17;
2026-02-23 16:32:59.465 +05:30 [DBG] Closing data reader to 'TorqueDB' on server 'KIL-HP-H036'.
2026-02-23 16:32:59.470 +05:30 [DBG] A data reader for 'TorqueDB' on server 'KIL-HP-H036' is being disposed after spending 14ms reading results.
2026-02-23 16:32:59.474 +05:30 [DBG] Committing transaction.
2026-02-23 16:32:59.477 +05:30 [DBG] Committed transaction.
2026-02-23 16:32:59.483 +05:30 [DBG] Closing connection to database 'TorqueDB' on server 'KIL-HP-H036'.
2026-02-23 16:32:59.486 +05:30 [DBG] Closed connection to database 'TorqueDB' on server 'KIL-HP-H036' (2ms).
2026-02-23 16:32:59.489 +05:30 [DBG] Disposing transaction.
2026-02-23 16:32:59.491 +05:30 [DBG] An entity of type 'IdentityUserRole' tracked by 'ApplicationDbContext' changed state from '"Added"' to '"Unchanged"'. Consider using 'DbContextOptionsBuilder.EnableSensitiveDataLogging' to see key values.
2026-02-23 16:32:59.496 +05:30 [DBG] An entity of type 'ApplicationUser' tracked by 'ApplicationDbContext' changed state from '"Modified"' to '"Unchanged"'. Consider using 'DbContextOptionsBuilder.EnableSensitiveDataLogging' to see key values.
2026-02-23 16:32:59.519 +05:30 [DBG] SaveChanges completed for 'ApplicationDbContext' with 2 entities written to the database.
2026-02-23 16:32:59.526 +05:30 [INF] Registration succeeded for satyaambati5@gmail.com. correlation=4efc6a54fc8c430ebf049e795b5005e9
2026-02-23 16:32:59.553 +05:30 [INF] Executed action method PlatformServiceTemplate.Api.Controllers.AuthController.Register (PlatformServiceTemplate.Api), returned result Microsoft.AspNetCore.Mvc.OkObjectResult in 1614.794ms.
2026-02-23 16:32:59.572 +05:30 [DBG] List of registered output formatters, in the following order: ["Microsoft.AspNetCore.Mvc.Formatters.HttpNoContentOutputFormatter","Microsoft.AspNetCore.Mvc.Formatters.StringOutputFormatter","Microsoft.AspNetCore.Mvc.Formatters.StreamOutputFormatter","Microsoft.AspNetCore.Mvc.Formatters.SystemTextJsonOutputFormatter"]
2026-02-23 16:32:59.608 +05:30 [DBG] No information found on request to perform content negotiation.
2026-02-23 16:32:59.610 +05:30 [DBG] Attempting to select an output formatter without using a content type as no explicit content types were specified for the response.
2026-02-23 16:32:59.619 +05:30 [DBG] Attempting to select the first formatter in the output formatters list which can write the result.
2026-02-23 16:32:59.623 +05:30 [DBG] Selected output formatter 'Microsoft.AspNetCore.Mvc.Formatters.SystemTextJsonOutputFormatter' and content type 'application/json' to write the response.
2026-02-23 16:32:59.626 +05:30 [INF] Executing OkObjectResult, writing value of type 'PlatformServiceTemplate.Api.Contracts.Common.ApiResponse`1[[System.Object, System.Private.CoreLib, Version=10.0.0.0, Culture=neutral, PublicKeyToken=7cec85d7bea7798e]]'.
2026-02-23 16:32:59.666 +05:30 [INF] Executed action PlatformServiceTemplate.Api.Controllers.AuthController.Register (PlatformServiceTemplate.Api) in 2047.0105ms
2026-02-23 16:32:59.673 +05:30 [INF] Executed endpoint 'PlatformServiceTemplate.Api.Controllers.AuthController.Register (PlatformServiceTemplate.Api)'
2026-02-23 16:32:59.683 +05:30 [INF] Request completed POST /api/v1/auth/register status=200 elapsedMs=2434 user=anonymous correlation=4efc6a54fc8c430ebf049e795b5005e9
2026-02-23 16:32:59.693 +05:30 [DBG] 'ApplicationDbContext' disposed.
2026-02-23 16:32:59.708 +05:30 [DBG] Disposing connection to database 'TorqueDB' on server 'KIL-HP-H036'.
2026-02-23 16:32:59.721 +05:30 [DBG] Disposed connection to database '' on server '' (11ms).
2026-02-23 16:32:59.725 +05:30 [INF] Request finished HTTP/2 POST https://localhost:7258/api/v1/auth/register - 200 null application/json; charset=utf-8 2527.1762ms
2026-02-23 16:33:38.657 +05:30 [DBG] Connection id "0HNJIPBU2ONUI" received FIN.
2026-02-23 16:33:38.697 +05:30 [DBG] Connection id "0HNJIPBU2ONUI" is closed. The last processed stream ID was 1.
2026-02-23 16:33:38.697 +05:30 [DBG] The connection queue processing loop for 0HNJIPBU2ONUI completed.
2026-02-23 16:33:38.699 +05:30 [DBG] Connection id "0HNJIPBU2ONUI" sending FIN because: "The Socket transport's send loop completed gracefully."
2026-02-23 16:33:38.709 +05:30 [DBG] Connection id "0HNJIPBU2ONUI" stopped.
